Datetime,Open,High,Low,Close,Volume
2022-01-03 00:00:00+00:00,115.1485,115.33500000000001,115.13900000000001,115.30449999999999,0
2022-01-05 00:00:00+00:00,116.01400000000001,116.059,115.912,116.03399999999999,0
2022-01-06 00:00:00+00:00,116.095,116.0985,115.91,115.92699999999999,0
2022-01-07 00:00:00+00:00,115.87450000000001,115.9,115.8595,115.869,0
2022-01-10 00:00:00+00:00,115.8015,115.8135,115.77000000000001,115.80950000000001,0
2022-01-11 00:00:00+00:00,115.3765,115.48349999999999,115.3565,115.457,0
2022-01-12 00:00:00+00:00,115.33449999999999,115.449,115.25049999999999,115.3565,0
2022-01-13 00:00:00+00:00,114.6225,114.6495,114.4105,114.4105,0
2022-01-17 00:00:00+00:00,114.312,114.6515,114.2765,114.6115,0
2022-01-18 00:00:00+00:00,114.8555,114.897,114.56899999999999,114.606,0
2022-01-19 00:00:00+00:00,114.354,114.387,114.22200000000001,114.348,0
2022-01-20 00:00:00+00:00,114.3955,114.398,113.8605,113.994,0
2022-01-21 00:00:00+00:00,113.644,113.72,113.6335,113.6805,0
2022-01-24 00:00:00+00:00,113.799,114.0,113.7735,113.961,0
2022-01-25 00:00:00+00:00,113.86,113.928,113.85300000000001,113.8955,0
2022-01-27 00:00:00+00:00,115.441,115.49000000000001,115.332,115.4805,0
2022-01-28 00:00:00+00:00,115.189,115.229,115.12450000000001,115.20599999999999,0
2022-01-31 00:00:00+00:00,115.3905,115.44200000000001,115.193,115.2285,0
2022-02-01 00:00:00+00:00,115.043,115.0705,114.9225,114.943,0
2022-02-02 00:00:00+00:00,114.24350000000001,114.40700000000001,114.197,114.37950000000001,0
2022-02-03 00:00:00+00:00,114.747,114.908,114.74000000000001,114.8505,0
2022-02-04 00:00:00+00:00,114.95949999999999,115.05199999999999,114.92750000000001,114.9635,0
2022-02-07 00:00:00+00:00,115.096,115.14250000000001,115.049,115.0635,0
2022-02-08 00:00:00+00:00,115.461,115.527,115.375,115.4245,0
2022-02-10 00:00:00+00:00,115.6,116.339,115.5535,116.172,0
2022-02-11 00:00:00+00:00,116.1325,116.1335,115.281,115.3735,0
2022-02-14 00:00:00+00:00,115.5085,115.64750000000001,115.40700000000001,115.586,0
2022-02-15 00:00:00+00:00,115.33,115.72749999999999,115.2585,115.6705,0
2022-02-16 00:00:00+00:00,115.6935,115.708,115.34,115.394,0
2022-02-17 00:00:00+00:00,115.001,115.113,114.846,114.88499999999999,0
2022-02-18 00:00:00+00:00,115.14150000000001,115.22749999999999,115.0245,115.0875,0
2022-02-21 00:00:00+00:00,114.9385,114.94149999999999,114.841,114.86449999999999,0
2022-02-22 00:00:00+00:00,114.717,115.08699999999999,114.6165,114.94200000000001,0
2022-02-23 00:00:00+00:00,115.042,115.08449999999999,115.0205,115.063,0
2022-02-24 00:00:00+00:00,114.9105,115.1195,114.884,115.0815,0
2022-02-25 00:00:00+00:00,115.24549999999999,115.29050000000001,115.14699999999999,115.193,0
2022-02-27 00:00:00+00:00,115.5455,115.7405,115.3825,115.59049999999999,0
2022-02-28 00:00:00+00:00,115.16749999999999,115.3045,114.9925,115.08699999999999,0
2022-03-01 00:00:00+00:00,115.05600000000001,115.076,114.792,114.8415,0
2022-03-02 00:00:00+00:00,115.566,115.6875,115.53,115.602,0
2022-03-03 00:00:00+00:00,115.63300000000001,115.7635,115.62,115.71600000000001,0
2022-03-07 00:00:00+00:00,114.95349999999999,115.3555,114.8945,115.328,0
2022-03-08 00:00:00+00:00,115.4805,115.791,115.354,115.69649999999999,0
2022-03-09 00:00:00+00:00,115.8895,115.90100000000001,115.72649999999999,115.768,0
2022-03-10 00:00:00+00:00,116.0935,116.1285,116.008,116.116,0
2022-03-11 00:00:00+00:00,116.96000000000001,117.061,116.9145,116.9505,0
2022-03-14 00:00:00+00:00,117.91550000000001,118.0625,117.87899999999999,118.05000000000001,0
2022-03-15 00:00:00+00:00,118.307,118.37700000000001,117.78999999999999,117.979,0
2022-03-16 00:00:00+00:00,118.36949999999999,118.3735,118.261,118.32,0
2022-03-17 00:00:00+00:00,118.8875,118.9165,118.398,118.439,0
2022-03-18 00:00:00+00:00,118.868,118.965,118.856,118.929,0
2022-03-20 00:00:00+00:00,119.2815,119.2945,119.2375,119.2655,0
2022-03-21 00:00:00+00:00,119.26650000000001,119.467,119.2655,119.37049999999999,0
2022-03-22 00:00:00+00:00,120.326,121.4145,120.313,121.341,0
2022-03-23 00:00:00+00:00,120.79599999999999,120.88650000000001,120.5935,120.71799999999999,0
2022-03-24 00:00:00+00:00,121.225,122.38300000000001,121.163,122.2995,0
2022-03-25 00:00:00+00:00,122.0185,122.059,121.773,121.99449999999999,0
2022-03-28 00:00:00+00:00,122.90350000000001,123.16499999999999,122.856,123.08099999999999,0
2022-03-30 00:00:00+00:00,121.8805,121.991,121.524,121.9115,0
2022-03-31 00:00:00+00:00,121.62100000000001,121.7635,121.506,121.50800000000001,0
2022-04-01 00:00:00+00:00,122.6585,122.737,122.582,122.631,0
2022-04-03 00:00:00+00:00,122.63499999999999,122.655,122.5275,122.55250000000001,0
2022-04-04 00:00:00+00:00,122.6365,122.78200000000001,122.624,122.755,0
2022-04-05 00:00:00+00:00,122.583,123.61850000000001,122.574,123.603,0
2022-04-06 00:00:00+00:00,123.767,123.82499999999999,123.686,123.721,0
2022-04-07 00:00:00+00:00,123.687,124.0025,123.637,123.9615,0
2022-04-10 00:00:00+00:00,124.05,124.2535,124.05,124.231,0
2022-04-11 00:00:00+00:00,125.329,125.442,125.298,125.3395,0
2022-04-12 00:00:00+00:00,125.4845,125.564,125.1075,125.1735,0
2022-04-13 00:00:00+00:00,126.0455,126.0705,125.62,125.83449999999999,0
2022-04-14 00:00:00+00:00,125.50999999999999,125.98,125.2295,125.89150000000001,0
2022-04-15 00:00:00+00:00,126.578,126.60249999999999,126.431,126.466,0
2022-04-19 00:00:00+00:00,127.92,129.36,127.8395,129.33100000000002,0
2022-04-20 00:00:00+00:00,128.7015,128.74599999999998,128.5815,128.666,0
2022-04-21 00:00:00+00:00,127.98349999999999,128.58100000000002,127.964,128.51999999999998,0
2022-04-22 00:00:00+00:00,128.0665,128.5725,128.0645,128.481,0
2022-04-24 00:00:00+00:00,128.584,128.58999999999997,128.4535,128.52300000000002,0
2022-04-25 00:00:00+00:00,128.36700000000002,128.5505,127.62899999999999,127.854,0
2022-04-26 00:00:00+00:00,127.8725,127.9325,127.6825,127.822,0
2022-04-27 00:00:00+00:00,127.5475,127.9875,127.4665,127.918,0
2022-04-28 00:00:00+00:00,128.82150000000001,131.13400000000001,128.664,131.10750000000002,0
2022-04-29 00:00:00+00:00,130.0155,130.2055,129.7705,130.107,0
2022-05-02 00:00:00+00:00,129.88299999999998,130.0065,129.8485,129.8965,0
2022-05-03 00:00:00+00:00,129.9875,130.168,129.9635,130.13400000000001,0
2022-05-04 00:00:00+00:00,130.14499999999998,130.38400000000001,128.624,128.77949999999998,0
2022-05-05 00:00:00+00:00,130.25099999999998,130.29399999999998,130.1085,130.24200000000002,0
2022-05-06 00:00:00+00:00,130.5655,130.6985,130.563,130.6895,0
2022-05-08 00:00:00+00:00,130.598,130.79000000000002,130.564,130.68349999999998,0
2022-05-09 00:00:00+00:00,130.2135,130.35250000000002,130.21300000000002,130.3255,0
2022-05-10 00:00:00+00:00,130.08350000000002,130.1105,129.8635,130.07600000000002,0
2022-05-11 00:00:00+00:00,130.39299999999997,130.4925,129.8775,129.97,0
2022-05-12 00:00:00+00:00,127.951,128.601,127.76249999999999,128.49599999999998,0
2022-05-13 00:00:00+00:00,129.3545,129.3615,129.1575,129.2355,0
2022-05-16 00:00:00+00:00,129.017,129.0825,128.8655,128.9935,0
2022-05-17 00:00:00+00:00,129.3405,129.372,129.204,129.26749999999998,0
2022-05-18 00:00:00+00:00,129.3255,129.348,129.1605,129.223,0
2022-05-19 00:00:00+00:00,128.372,128.6265,127.512,127.6005,0
2022-05-20 00:00:00+00:00,127.787,128.15949999999998,127.784,128.1285,0
2022-05-23 00:00:00+00:00,127.7125,127.944,127.32249999999999,127.899,0
2022-05-24 00:00:00+00:00,127.2365,127.278,126.4825,126.6985,0
2022-05-25 00:00:00+00:00,127.08449999999999,127.33699999999999,126.9445,127.297,0
2022-05-26 00:00:00+00:00,127.0315,127.28399999999999,126.892,127.1795,0
2022-05-27 00:00:00+00:00,126.792,126.846,126.6785,126.692,0
2022-05-29 00:00:00+00:00,127.2005,127.34649999999999,127.1805,127.2745,0
2022-05-30 00:00:00+00:00,127.628,127.6465,127.4365,127.53999999999999,0
2022-05-31 00:00:00+00:00,128.0485,128.0485,127.6365,127.753,0
2022-06-01 00:00:00+00:00,128.7405,130.1355,128.739,130.13299999999998,0
2022-06-02 00:00:00+00:00,130.0305,130.0425,129.824,129.88299999999998,0
2022-06-03 00:00:00+00:00,130.70850000000002,130.976,130.684,130.9485,0
2022-06-06 00:00:00+00:00,130.495,130.757,130.4325,130.64,0
2022-06-07 00:00:00+00:00,132.2265,132.75799999999998,132.2265,132.59199999999998,0
2022-06-08 00:00:00+00:00,134.0545,134.126,133.954,134.10199999999998,0
2022-06-09 00:00:00+00:00,133.4695,134.3085,133.1855,134.2845,0
2022-06-10 00:00:00+00:00,134.168,134.293,133.7595,134.24450000000002,0
2022-06-13 00:00:00+00:00,134.8935,134.91649999999998,134.7265,134.824,0
2022-06-14 00:00:00+00:00,134.3025,135.01100000000002,134.2075,134.935,0
2022-06-15 00:00:00+00:00,134.8375,134.8635,134.397,134.57299999999998,0
2022-06-16 00:00:00+00:00,134.05,134.2945,132.0305,132.2065,0
2022-06-17 00:00:00+00:00,134.0885,134.4865,133.79,134.349,0
2022-06-20 00:00:00+00:00,134.9445,135.14999999999998,134.8945,135.0855,0
2022-06-21 00:00:00+00:00,135.039,136.71550000000002,134.9715,136.5165,0
2022-06-22 00:00:00+00:00,136.334,136.6275,136.071,136.1615,0
2022-06-23 00:00:00+00:00,134.95600000000002,134.995,134.265,134.3205,0
2022-06-24 00:00:00+00:00,134.6365,134.89249999999998,134.5495,134.553,0
2022-06-27 00:00:00+00:00,135.23200000000003,135.4775,135.2225,135.4385,0
2022-06-28 00:00:00+00:00,135.159,136.20999999999998,135.1485,136.199,0
2022-06-29 00:00:00+00:00,136.9795,137.003,136.719,136.8145,0
2022-06-30 00:00:00+00:00,135.671,135.699,135.5655,135.66649999999998,0
2022-07-01 00:00:00+00:00,135.2785,135.55399999999997,134.998,135.0895,0
2022-07-04 00:00:00+00:00,135.44549999999998,135.4575,135.249,135.333,0
2022-07-05 00:00:00+00:00,135.694,135.8665,135.694,135.74450000000002,0
2022-07-06 00:00:00+00:00,135.54399999999998,136.13299999999998,135.478,135.9555,0
2022-07-07 00:00:00+00:00,135.8475,136.1775,135.67399999999998,135.9485,0
2022-07-08 00:00:00+00:00,135.597,136.267,135.3315,136.1935,0
2022-07-11 00:00:00+00:00,137.01999999999998,137.4805,136.905,137.29000000000002,0
2022-07-12 00:00:00+00:00,137.3755,137.45,137.1815,137.3445,0
2022-07-13 00:00:00+00:00,137.1285,137.368,136.9955,137.309,0
2022-07-14 00:00:00+00:00,137.913,139.086,137.7685,139.0655,0
2022-07-15 00:00:00+00:00,138.858,139.007,138.664,138.78199999999998,0
2022-07-18 00:00:00+00:00,138.1105,138.28300000000002,138.1065,138.251,0
2022-07-19 00:00:00+00:00,137.805,138.2485,137.7135,138.1875,0
2022-07-20 00:00:00+00:00,138.257,138.2945,138.2105,138.21499999999997,0
2022-07-21 00:00:00+00:00,138.586,138.755,138.5735,138.753,0
2022-07-22 00:00:00+00:00,137.44,137.59699999999998,135.9765,136.136,0
2022-07-25 00:00:00+00:00,136.5285,136.7465,136.076,136.7255,0
2022-07-26 00:00:00+00:00,136.3365,136.84550000000002,136.3255,136.69,0
2022-07-27 00:00:00+00:00,136.7185,136.77800000000002,136.3765,136.5115,0
2022-07-29 00:00:00+00:00,133.3845,133.39100000000002,132.7565,133.0355,0
2022-08-01 00:00:00+00:00,132.551,132.66699999999997,131.72199999999998,131.809,0
2022-08-04 00:00:00+00:00,134.15699999999998,134.426,134.108,134.3025,0
2022-08-05 00:00:00+00:00,133.08350000000002,135.169,132.8425,135.0475,0
2022-08-08 00:00:00+00:00,134.73200000000003,135.0075,134.595,134.839,0
2022-08-09 00:00:00+00:00,134.918,135.20100000000002,134.8395,135.197,0
2022-08-11 00:00:00+00:00,133.1605,133.196,133.0265,133.13049999999998,0
2022-08-12 00:00:00+00:00,133.014,133.876,132.90300000000002,133.72050000000002,0
2022-08-15 00:00:00+00:00,132.743,133.2935,132.7005,133.2935,0
2022-08-17 00:00:00+00:00,134.1325,135.103,134.0025,135.06150000000002,0
2022-08-22 00:00:00+00:00,137.3125,137.51350000000002,136.765,137.5075,0
2022-08-24 00:00:00+00:00,136.647,136.79149999999998,136.6205,136.652,0
2022-08-25 00:00:00+00:00,136.8245,136.85899999999998,136.32,136.459,0
2022-08-26 00:00:00+00:00,136.567,137.0475,136.494,136.91699999999997,0
2022-08-28 00:00:00+00:00,137.6135,137.9035,137.613,137.878,0
2022-08-29 00:00:00+00:00,138.5845,138.8945,138.5515,138.86450000000002,0
2022-08-30 00:00:00+00:00,138.457,138.45800000000003,138.136,138.28300000000002,0
2022-08-31 00:00:00+00:00,138.52249999999998,138.6255,138.46800000000002,138.597,0
2022-09-01 00:00:00+00:00,140.0165,140.23000000000002,139.9345,140.2255,0
2022-09-02 00:00:00+00:00,140.3435,140.392,140.0615,140.11599999999999,0
2022-09-05 00:00:00+00:00,140.49,140.55349999999999,140.4885,140.53,0
2022-09-06 00:00:00+00:00,141.5405,141.8635,141.5145,141.691,0
2022-09-07 00:00:00+00:00,143.10399999999998,143.853,143.046,143.74849999999998,0
2022-09-08 00:00:00+00:00,143.875,143.9185,143.60750000000002,143.6775,0
2022-09-09 00:00:00+00:00,143.87650000000002,143.962,142.156,142.562,0
2022-09-12 00:00:00+00:00,142.8055,142.8185,142.33100000000002,142.73000000000002,0
2022-09-13 00:00:00+00:00,142.5845,142.7415,142.1695,142.2225,0
2022-09-14 00:00:00+00:00,144.532,144.5485,143.04899999999998,143.12599999999998,0
2022-09-15 00:00:00+00:00,143.5115,143.72500000000002,143.15449999999998,143.3235,0
2022-09-16 00:00:00+00:00,143.3665,143.39499999999998,143.22,143.2825,0
2022-09-19 00:00:00+00:00,143.2955,143.54500000000002,143.239,143.5125,0
2022-09-20 00:00:00+00:00,143.2365,143.6995,143.0725,143.585,0
2022-09-21 00:00:00+00:00,144.39499999999998,144.39999999999998,144.06650000000002,144.24200000000002,0
2022-09-22 00:00:00+00:00,144.422,144.4905,144.267,144.42950000000002,0
2022-09-25 00:00:00+00:00,143.494,143.5035,143.24599999999998,143.4905,0
2022-09-26 00:00:00+00:00,144.6155,144.6375,144.445,144.471,0
2022-09-27 00:00:00+00:00,144.70100000000002,144.836,144.572,144.7145,0
2022-09-28 00:00:00+00:00,144.7095,144.8065,144.07,144.1005,0
2022-09-29 00:00:00+00:00,144.6735,144.71550000000002,144.6025,144.7025,0
2022-09-30 00:00:00+00:00,144.6925,144.7745,144.64499999999998,144.726,0
2022-10-03 00:00:00+00:00,144.804,144.8665,144.7865,144.84550000000002,0
2022-10-04 00:00:00+00:00,144.52749999999997,144.757,144.2935,144.338,0
2022-10-05 00:00:00+00:00,144.4425,144.565,144.273,144.369,0
2022-10-06 00:00:00+00:00,144.5965,145.144,144.56799999999998,145.0475,0
2022-10-07 00:00:00+00:00,145.049,145.24599999999998,144.72,145.1985,0
2022-10-10 00:00:00+00:00,145.441,145.7605,145.4135,145.719,0
2022-10-11 00:00:00+00:00,145.7045,145.84,145.5405,145.824,0
2022-10-12 00:00:00+00:00,146.60199999999998,146.875,146.582,146.77800000000002,0
2022-10-13 00:00:00+00:00,146.837,147.50599999999997,146.815,147.3705,0
2022-10-17 00:00:00+00:00,149.0385,149.0445,148.9445,148.9865,0
2022-10-18 00:00:00+00:00,148.7895,149.226,148.7665,149.1695,0
2022-10-20 00:00:00+00:00,149.9085,150.219,149.82150000000001,150.176,0
2022-10-21 00:00:00+00:00,150.42399999999998,150.4865,150.35700000000003,150.47899999999998,0
2022-10-23 00:00:00+00:00,148.1245,149.445,148.0215,149.2945,0
2022-10-24 00:00:00+00:00,149.04399999999998,149.10000000000002,148.827,148.87900000000002,0
2022-10-25 00:00:00+00:00,148.9075,148.95,148.664,148.77800000000002,0
2022-10-26 00:00:00+00:00,148.3225,148.332,146.38799999999998,146.50599999999997,0
2022-10-27 00:00:00+00:00,145.252,146.333,145.13150000000002,146.13049999999998,0
2022-10-28 00:00:00+00:00,147.4365,147.863,147.3765,147.67700000000002,0
2022-10-31 00:00:00+00:00,148.01799999999997,148.8065,147.9855,148.739,0
2022-11-01 00:00:00+00:00,148.1755,148.34699999999998,148.1585,148.231,0
2022-11-02 00:00:00+00:00,147.1385,147.197,146.834,146.8605,0
2022-11-03 00:00:00+00:00,147.399,148.312,147.3845,148.244,0
2022-11-04 00:00:00+00:00,147.1955,147.39,146.92399999999998,147.1585,0
2022-11-07 00:00:00+00:00,146.6975,146.7485,146.47899999999998,146.62599999999998,0
2022-11-08 00:00:00+00:00,146.65449999999998,146.72000000000003,145.62150000000003,145.665,0
2022-11-09 00:00:00+00:00,146.2985,146.2985,145.9685,146.1575,0
2022-11-10 00:00:00+00:00,146.191,146.1975,141.753,141.8175,0
2022-11-11 00:00:00+00:00,138.6725,138.8065,138.6315,138.798,0
2022-11-14 00:00:00+00:00,139.1175,139.1485,138.9255,139.097,0
2022-11-15 00:00:00+00:00,139.339,139.7235,139.2825,139.5065,0
2022-11-16 00:00:00+00:00,139.364,139.9195,139.292,139.6525,0
2022-11-17 00:00:00+00:00,139.464,139.971,139.272,139.9365,0
2022-11-18 00:00:00+00:00,139.71550000000002,140.401,139.71550000000002,140.4005,0
2022-11-21 00:00:00+00:00,141.947,142.00549999999998,141.54899999999998,141.5975,0
2022-11-22 00:00:00+00:00,141.7765,141.7885,141.1515,141.2065,0
2022-11-23 00:00:00+00:00,141.3085,141.50900000000001,141.29500000000002,141.3485,0
2022-11-24 00:00:00+00:00,138.324,138.435,138.0855,138.235,0
2022-11-25 00:00:00+00:00,138.8345,139.5285,138.80599999999998,139.394,0
2022-11-28 00:00:00+00:00,137.80349999999999,138.2615,137.738,138.1535,0
2022-11-29 00:00:00+00:00,138.76049999999998,138.86849999999998,138.459,138.6465,0
2022-11-30 00:00:00+00:00,138.476,138.6275,137.94150000000002,138.088,0
2022-12-01 00:00:00+00:00,135.894,136.27949999999998,135.52999999999997,135.923,0
2022-12-02 00:00:00+00:00,134.6455,134.8055,133.6255,133.767,0
2022-12-05 00:00:00+00:00,135.2725,135.4865,135.0895,135.2375,0
2022-12-06 00:00:00+00:00,136.5815,137.038,136.29149999999998,137.03500000000003,0
2022-12-07 00:00:00+00:00,136.36599999999999,136.38600000000002,136.25900000000001,136.298,0
2022-12-08 00:00:00+00:00,136.94650000000001,137.17000000000002,136.94299999999998,137.09550000000002,0
2022-12-09 00:00:00+00:00,135.873,136.71499999999997,135.74599999999998,136.5855,0
2022-12-13 00:00:00+00:00,137.5145,137.899,134.9265,135.1935,0
2022-12-14 00:00:00+00:00,135.4795,135.6055,135.212,135.308,0
2022-12-15 00:00:00+00:00,135.3485,136.81799999999998,135.28500000000003,136.7815,0
2022-12-16 00:00:00+00:00,137.1635,137.3865,136.29500000000002,136.4075,0
2022-12-19 00:00:00+00:00,135.8435,136.99400000000003,135.754,136.97899999999998,0
2022-12-20 00:00:00+00:00,132.23250000000002,132.32850000000002,131.9985,132.0605,0
2022-12-21 00:00:00+00:00,131.786,131.881,131.54899999999998,131.572,0
2022-12-22 00:00:00+00:00,132.06150000000002,132.4905,131.7965,132.373,0
2022-12-23 00:00:00+00:00,132.71300000000002,132.7845,132.673,132.6925,0
2022-12-25 00:00:00+00:00,132.8075,132.8385,132.7385,132.79500000000002,0
2022-12-26 00:00:00+00:00,132.9435,132.9485,132.886,132.916,0
2022-12-27 00:00:00+00:00,132.87900000000002,133.20600000000002,132.86200000000002,133.0975,0
2022-12-29 00:00:00+00:00,133.735,133.75400000000002,132.99200000000002,133.036,0
2022-12-30 00:00:00+00:00,132.4565,132.5635,131.7855,131.9355,0
2023-01-01 00:00:00+00:00,130.96300000000002,130.9855,130.786,130.84199999999998,0
2023-01-02 00:00:00+00:00,130.79,130.904,130.74149999999997,130.74450000000002,0
2023-01-03 00:00:00+00:00,130.78199999999998,130.805,130.3125,130.41899999999998,0
2023-01-04 00:00:00+00:00,132.387,132.4635,132.06650000000002,132.254,0
2023-01-05 00:00:00+00:00,132.4875,133.789,132.2465,133.74450000000002,0
2023-01-06 00:00:00+00:00,134.16750000000002,134.202,131.99599999999998,132.036,0
2023-01-09 00:00:00+00:00,131.70350000000002,132.6565,131.6885,131.94799999999998,0
2023-01-10 00:00:00+00:00,131.523,132.305,131.4915,132.264,0
2023-01-11 00:00:00+00:00,132.483,132.55599999999998,132.31400000000002,132.4795,0
2023-01-12 00:00:00+00:00,130.8795,130.8815,130.632,130.6865,0
2023-01-13 00:00:00+00:00,128.93599999999998,129.2885,127.664,127.865,0
2023-01-16 00:00:00+00:00,128.536,128.66750000000002,128.4375,128.5845,0
2023-01-17 00:00:00+00:00,128.343,128.765,128.31799999999998,128.462,0
2023-01-18 00:00:00+00:00,130.259,130.315,129.6085,129.66750000000002,0
2023-01-19 00:00:00+00:00,128.291,128.478,127.90450000000001,128.435,0
2023-01-20 00:00:00+00:00,128.82049999999998,129.79250000000002,128.8195,129.61,0
2023-01-22 00:00:00+00:00,129.493,129.64,129.478,129.6005,0
2023-01-24 00:00:00+00:00,130.289,130.348,130.066,130.1655,0
2023-01-25 00:00:00+00:00,129.5935,129.618,129.4765,129.5015,0
2023-01-27 00:00:00+00:00,129.809,129.89,129.5005,129.63799999999998,0
2023-01-31 00:00:00+00:00,130.4395,130.49599999999998,130.06799999999998,130.1745,0
2023-02-01 00:00:00+00:00,129.849,129.861,128.8175,128.959,0
2023-02-02 00:00:00+00:00,128.603,128.7905,128.0865,128.68349999999998,0
2023-02-03 00:00:00+00:00,128.53199999999998,130.47750000000002,128.506,130.337,0
2023-02-06 00:00:00+00:00,132.0805,132.13799999999998,131.9265,132.099,0
2023-02-07 00:00:00+00:00,132.26600000000002,132.3445,131.0555,131.0725,0
2023-02-08 00:00:00+00:00,131.151,131.3305,131.034,131.25400000000002,0
2023-02-09 00:00:00+00:00,131.40550000000002,131.459,131.3075,131.425,0
2023-02-10 00:00:00+00:00,130.716,131.4885,130.63299999999998,131.38049999999998,0
2023-02-13 00:00:00+00:00,131.7415,132.691,131.7415,132.685,0
2023-02-14 00:00:00+00:00,132.037,132.07100000000003,131.95749999999998,131.9675,0
2023-02-15 00:00:00+00:00,133.0425,134.19400000000002,132.9975,134.1125,0
2023-02-16 00:00:00+00:00,133.9085,134.122,133.606,133.8265,0
2023-02-17 00:00:00+00:00,134.221,134.274,134.07299999999998,134.267,0
2023-02-20 00:00:00+00:00,134.2265,134.233,134.195,134.231,0
2023-02-21 00:00:00+00:00,134.88799999999998,134.9805,134.858,134.969,0
2023-02-22 00:00:00+00:00,134.9035,134.9475,134.675,134.727,0
2023-02-23 00:00:00+00:00,134.8975,134.9065,134.798,134.869,0
2023-02-24 00:00:00+00:00,134.3425,135.99,134.293,135.88099999999997,0
2023-02-27 00:00:00+00:00,136.4265,136.55849999999998,136.15800000000002,136.18200000000002,0
2023-02-28 00:00:00+00:00,136.7305,136.78500000000003,136.68099999999998,136.774,0
2023-03-01 00:00:00+00:00,136.40300000000002,136.425,135.94099999999997,136.1615,0
2023-03-02 00:00:00+00:00,136.7845,136.785,136.2495,136.2885,0
2023-03-03 00:00:00+00:00,136.6725,136.7175,136.07,136.091,0
2023-03-06 00:00:00+00:00,135.875,135.986,135.735,135.913,0
2023-03-08 00:00:00+00:00,136.82,137.1485,136.48000000000002,136.88600000000002,0
2023-03-09 00:00:00+00:00,136.1215,136.289,136.022,136.27949999999998,0
2023-03-10 00:00:00+00:00,136.7545,136.7765,134.1155,134.2985,0
2023-03-12 00:00:00+00:00,134.603,134.603,133.9395,133.9435,0
2023-03-14 00:00:00+00:00,133.0885,134.90300000000002,133.03,134.727,0
2023-03-15 00:00:00+00:00,134.8755,135.1155,134.63299999999998,134.67000000000002,0
2023-03-16 00:00:00+00:00,133.3365,133.49599999999998,132.60399999999998,132.6085,0
2023-03-20 00:00:00+00:00,131.426,131.47199999999998,131.30450000000002,131.32150000000001,0
2023-03-21 00:00:00+00:00,132.45100000000002,132.483,132.3485,132.349,0
2023-03-22 00:00:00+00:00,131.375,131.4965,131.2825,131.471,0
2023-03-23 00:00:00+00:00,131.2745,131.438,131.24900000000002,131.28300000000002,0
2023-03-24 00:00:00+00:00,129.76299999999998,130.00900000000001,129.6405,129.889,0
2023-03-27 00:00:00+00:00,130.707,131.5805,130.704,131.4675,0
2023-03-28 00:00:00+00:00,131.241,131.24200000000002,130.6245,130.8985,0
2023-03-30 00:00:00+00:00,132.648,132.8125,132.6275,132.672,0
2023-03-31 00:00:00+00:00,132.9765,133.35000000000002,132.82999999999998,133.1865,0
2023-04-03 00:00:00+00:00,132.45499999999998,132.57049999999998,132.3655,132.4635,0
2023-04-04 00:00:00+00:00,132.853,133.0805,131.586,131.6475,0
2023-04-05 00:00:00+00:00,131.6995,131.74099999999999,131.274,131.313,0
2023-04-06 00:00:00+00:00,131.32999999999998,131.575,131.32299999999998,131.454,0
2023-04-07 00:00:00+00:00,131.62,131.7585,131.60500000000002,131.755,0
2023-04-09 00:00:00+00:00,132.1515,132.175,132.1515,132.166,0
2023-04-10 00:00:00+00:00,133.3285,133.542,133.2685,133.535,0
2023-04-11 00:00:00+00:00,133.47199999999998,133.708,133.24450000000002,133.605,0
2023-04-13 00:00:00+00:00,133.276,133.377,133.12400000000002,133.3405,0
2023-04-14 00:00:00+00:00,132.40300000000002,133.8155,132.29000000000002,133.7895,0
2023-04-17 00:00:00+00:00,134.05399999999997,134.0625,133.8405,133.973,0
2023-04-18 00:00:00+00:00,134.4425,134.47699999999998,133.9135,133.9755,0
2023-04-19 00:00:00+00:00,134.7265,134.8,134.71800000000002,134.796,0
2023-04-20 00:00:00+00:00,134.336,134.3555,134.26299999999998,134.27949999999998,0
2023-04-21 00:00:00+00:00,133.88,134.3915,133.5505,134.2995,0
2023-04-24 00:00:00+00:00,134.227,134.41000000000003,134.185,134.2595,0
2023-04-25 00:00:00+00:00,134.2565,134.312,133.56900000000002,133.5795,0
2023-04-26 00:00:00+00:00,133.5405,133.699,133.47699999999998,133.63049999999998,0
2023-04-27 00:00:00+00:00,133.546,134.198,133.4605,133.997,0
2023-04-28 00:00:00+00:00,134.0395,136.2595,133.60750000000002,136.2415,0
2023-05-01 00:00:00+00:00,136.71800000000002,136.8495,136.707,136.829,0
2023-05-02 00:00:00+00:00,137.426,137.454,136.31650000000002,136.5475,0
2023-05-03 00:00:00+00:00,135.797,135.803,134.68,134.68,0
2023-05-04 00:00:00+00:00,134.0345,134.204,134.0165,134.1385,0
2023-05-05 00:00:00+00:00,134.05599999999998,134.905,133.9645,134.85000000000002,0
2023-05-07 00:00:00+00:00,134.85199999999998,135.077,134.83350000000002,135.06799999999998,0
2023-05-08 00:00:00+00:00,135.018,135.1285,134.97,135.089,0
2023-05-10 00:00:00+00:00,135.2355,135.37599999999998,134.291,134.36149999999998,0
2023-05-12 00:00:00+00:00,134.5475,134.5845,134.5225,134.572,0
2023-05-15 00:00:00+00:00,135.975,136.1495,135.965,136.1335,0
2023-05-16 00:00:00+00:00,135.95100000000002,136.34550000000002,135.7525,136.32600000000002,0
2023-05-17 00:00:00+00:00,136.993,137.0605,136.88,137.00599999999997,0
2023-05-18 00:00:00+00:00,137.78300000000002,137.805,137.697,137.743,0
2023-05-19 00:00:00+00:00,138.4095,138.579,138.197,138.55399999999997,0
2023-05-22 00:00:00+00:00,137.5375,138.63299999999998,137.5375,138.60000000000002,0
2023-05-23 00:00:00+00:00,138.6275,138.6285,138.353,138.541,0
2023-05-24 00:00:00+00:00,138.291,139.39499999999998,138.257,139.296,0
2023-05-25 00:00:00+00:00,140.053,140.083,140.0215,140.0745,0
2023-05-26 00:00:00+00:00,139.837,140.696,139.623,140.57150000000001,0
2023-05-28 00:00:00+00:00,140.76549999999997,140.892,140.7395,140.8865,0
2023-05-29 00:00:00+00:00,140.207,140.474,140.1145,140.392,0
2023-05-30 00:00:00+00:00,140.6765,140.9345,139.5725,139.785,0
2023-05-31 00:00:00+00:00,139.7465,140.3965,139.36399999999998,139.413,0
2023-06-05 00:00:00+00:00,140.1345,140.39,139.504,139.55599999999998,0
2023-06-06 00:00:00+00:00,139.59550000000002,139.8965,139.5345,139.7785,0
2023-06-08 00:00:00+00:00,139.7315,139.845,138.887,138.904,0
2023-06-09 00:00:00+00:00,139.386,139.4305,139.031,139.29649999999998,0
2023-06-12 00:00:00+00:00,139.3735,139.5615,139.26799999999997,139.4595,0
2023-06-13 00:00:00+00:00,139.155,139.76999999999998,139.0125,139.75400000000002,0
2023-06-14 00:00:00+00:00,139.988,139.99,139.28300000000002,139.3385,0
2023-06-15 00:00:00+00:00,141.2735,141.35199999999998,141.139,141.26999999999998,0
2023-06-18 00:00:00+00:00,141.8605,141.957,141.857,141.8655,0
2023-06-19 00:00:00+00:00,141.82799999999997,141.9495,141.8175,141.928,0
2023-06-21 00:00:00+00:00,141.92700000000002,141.9865,141.745,141.8135,0
2023-06-22 00:00:00+00:00,143.0645,143.2275,143.03199999999998,143.15800000000002,0
2023-06-23 00:00:00+00:00,143.0665,143.81099999999998,142.9835,143.7905,0
2023-06-26 00:00:00+00:00,143.18599999999998,143.2245,143.014,143.151,0
2023-06-27 00:00:00+00:00,143.8325,144.0875,143.659,144.039,0
2023-06-28 00:00:00+00:00,144.4005,144.46800000000002,144.099,144.4035,0
2023-06-29 00:00:00+00:00,144.372,144.84050000000002,144.3645,144.7715,0
2023-06-30 00:00:00+00:00,144.72500000000002,144.74450000000002,144.2655,144.288,0
2023-07-03 00:00:00+00:00,144.6175,144.7475,144.421,144.74599999999998,0
2023-07-04 00:00:00+00:00,144.59199999999998,144.664,144.4555,144.45850000000002,0
2023-07-05 00:00:00+00:00,144.6515,144.7285,144.59199999999998,144.659,0
2023-07-06 00:00:00+00:00,144.11200000000002,144.344,143.80599999999998,144.09550000000002,0
2023-07-07 00:00:00+00:00,142.9645,143.13,142.8745,143.11,0
2023-07-09 00:00:00+00:00,142.196,142.2885,142.1565,142.2135,0
2023-07-10 00:00:00+00:00,141.31900000000002,141.3385,141.216,141.3095,0
2023-07-11 00:00:00+00:00,140.86599999999999,140.95600000000002,140.58999999999997,140.60500000000002,0
2023-07-12 00:00:00+00:00,138.82299999999998,138.99400000000003,138.38049999999998,138.43,0
2023-07-17 00:00:00+00:00,138.66500000000002,138.6735,138.6095,138.62599999999998,0
2023-07-18 00:00:00+00:00,138.462,139.0225,138.3185,138.9345,0
2023-07-19 00:00:00+00:00,139.255,139.716,139.1595,139.58350000000002,0
2023-07-21 00:00:00+00:00,139.8465,141.856,139.751,141.797,0
2023-07-24 00:00:00+00:00,141.75400000000002,141.8145,141.11599999999999,141.19299999999998,0
2023-07-25 00:00:00+00:00,140.9185,141.0705,140.856,141.0545,0
2023-07-26 00:00:00+00:00,140.913,141.1045,140.272,140.34,0
2023-07-27 00:00:00+00:00,139.7775,141.099,139.2055,139.4675,0
2023-07-28 00:00:00+00:00,141.09199999999998,141.1885,141.0455,141.1695,0
2023-07-31 00:00:00+00:00,141.55349999999999,142.2955,141.4365,142.19799999999998,0
2023-08-02 00:00:00+00:00,142.642,142.64249999999998,142.23399999999998,142.3425,0
2023-08-03 00:00:00+00:00,142.918,143.05849999999998,142.506,142.64499999999998,0
2023-08-04 00:00:00+00:00,142.639,142.71699999999998,141.813,141.852,0
2023-08-07 00:00:00+00:00,142.1215,142.4085,142.1125,142.305,0
2023-08-08 00:00:00+00:00,143.23000000000002,143.4025,142.9655,143.354,0
2023-08-09 00:00:00+00:00,143.2065,143.75,143.06,143.709,0
2023-08-10 00:00:00+00:00,144.03699999999998,144.874,143.9315,144.8555,0
2023-08-11 00:00:00+00:00,144.7575,144.76,144.555,144.6245,0
2023-08-14 00:00:00+00:00,144.9105,145.5805,144.827,145.5315,0
2023-08-16 00:00:00+00:00,145.8055,145.878,145.7175,145.81900000000002,0
2023-08-17 00:00:00+00:00,146.413,146.43,145.69,145.714,0
2023-08-18 00:00:00+00:00,145.642,145.7395,145.2895,145.3395,0
2023-08-22 00:00:00+00:00,146.08350000000002,146.10750000000002,145.8775,145.909,0
2023-08-23 00:00:00+00:00,145.6415,145.719,145.5675,145.6745,0
2023-08-24 00:00:00+00:00,145.86200000000002,145.87099999999998,145.813,145.8515,0
2023-08-25 00:00:00+00:00,146.0115,146.39999999999998,145.91199999999998,146.3775,0
2023-08-28 00:00:00+00:00,146.5495,146.5885,146.4485,146.53699999999998,0
2023-08-29 00:00:00+00:00,146.514,146.577,145.756,145.8775,0
2023-08-30 00:00:00+00:00,146.161,146.2465,146.0625,146.11450000000002,0
2023-08-31 00:00:00+00:00,145.8845,146.0445,145.882,145.9175,0
2023-09-04 00:00:00+00:00,146.4895,146.495,146.4805,146.49,0
2023-09-05 00:00:00+00:00,146.6265,147.03699999999998,146.611,147.0085,0
2023-09-06 00:00:00+00:00,147.45850000000002,147.8185,147.1685,147.66199999999998,0
2023-09-07 00:00:00+00:00,147.7625,147.80700000000002,147.163,147.2295,0
2023-09-08 00:00:00+00:00,147.76749999999998,147.77800000000002,147.7015,147.7355,0
2023-09-11 00:00:00+00:00,147.13099999999997,147.1485,146.334,146.4735,0
2023-09-13 00:00:00+00:00,147.503,147.5495,147.397,147.4625,0
2023-09-15 00:00:00+00:00,147.4595,147.4815,147.356,147.3745,0
2023-09-18 00:00:00+00:00,147.7565,147.7695,147.6275,147.6725,0
2023-09-20 00:00:00+00:00,147.7595,147.8195,147.62400000000002,147.7365,0
2023-09-21 00:00:00+00:00,148.1885,148.2595,148.1125,148.1355,0
2023-09-22 00:00:00+00:00,147.615,148.392,147.60500000000002,148.389,0
2023-09-24 00:00:00+00:00,148.3165,148.3955,148.252,148.3845,0
2023-09-25 00:00:00+00:00,148.438,148.4575,148.37400000000002,148.4385,0
2023-09-26 00:00:00+00:00,148.824,149.08249999999998,148.7055,149.0555,0
2023-09-27 00:00:00+00:00,149.497,149.5005,149.3755,149.4875,0
2023-09-28 00:00:00+00:00,149.3005,149.386,149.14600000000002,149.264,0
2023-09-29 00:00:00+00:00,148.878,149.3955,148.52949999999998,149.2095,0
2023-10-01 00:00:00+00:00,149.60649999999998,149.631,149.502,149.50900000000001,0
2023-10-02 00:00:00+00:00,149.8065,149.875,149.7695,149.853,0
2023-10-03 00:00:00+00:00,149.97500000000002,149.98000000000002,149.886,149.92200000000003,0
2023-10-04 00:00:00+00:00,148.875,149.00150000000002,148.8435,148.98250000000002,0
2023-10-05 00:00:00+00:00,148.308,148.52800000000002,148.2895,148.47000000000003,0
2023-10-06 00:00:00+00:00,148.5165,148.66000000000003,148.49099999999999,148.6155,0
2023-10-10 00:00:00+00:00,148.618,149.096,148.6145,148.9295,0
2023-10-12 00:00:00+00:00,149.7175,149.7855,149.6615,149.738,0
2023-10-13 00:00:00+00:00,149.7885,149.8295,149.5595,149.613,0
2023-10-16 00:00:00+00:00,149.4695,149.48000000000002,149.429,149.4445,0
2023-10-17 00:00:00+00:00,149.5505,149.848,149.5485,149.815,0
2023-10-18 00:00:00+00:00,149.702,149.712,149.6285,149.6815,0
2023-10-20 00:00:00+00:00,149.8535,149.9545,149.84199999999998,149.8985,0
2023-10-23 00:00:00+00:00,149.86,149.99099999999999,149.5605,149.5635,0
2023-10-24 00:00:00+00:00,149.8895,149.921,149.865,149.9125,0
2023-10-25 00:00:00+00:00,149.921,150.31900000000002,149.88049999999998,150.231,0
2023-10-26 00:00:00+00:00,150.4205,150.447,150.27100000000002,150.4315,0
2023-10-27 00:00:00+00:00,149.559,149.7435,149.5195,149.64249999999998,0
2023-10-30 00:00:00+00:00,149.68900000000002,149.78199999999998,148.9665,149.10000000000002,0
2023-10-31 00:00:00+00:00,150.2285,150.777,150.1385,150.738,0
2023-11-01 00:00:00+00:00,151.34449999999998,151.3485,151.16699999999997,151.22199999999998,0
2023-11-02 00:00:00+00:00,150.2975,150.4025,150.289,150.36200000000002,0
2023-11-03 00:00:00+00:00,149.4815,149.518,149.3175,149.3675,0
2023-11-06 00:00:00+00:00,149.9975,150.08300000000003,149.997,150.07150000000001,0
2023-11-07 00:00:00+00:00,150.347,150.4785,150.3165,150.445,0
2023-11-08 00:00:00+00:00,150.68349999999998,151.0545,150.5975,151.03500000000003,0
2023-11-09 00:00:00+00:00,151.036,151.3885,150.7705,151.32600000000002,0
2023-11-10 00:00:00+00:00,151.38099999999997,151.589,151.3265,151.559,0
2023-11-13 00:00:00+00:00,151.7755,151.801,151.4965,151.57,0
2023-11-14 00:00:00+00:00,151.6985,151.70100000000002,151.5745,151.6325,0
2023-11-15 00:00:00+00:00,150.4865,150.7935,150.269,150.392,0
2023-11-16 00:00:00+00:00,151.341,151.42899999999997,150.497,150.51049999999998,0
2023-11-17 00:00:00+00:00,150.44400000000002,150.4555,149.2025,149.61,0
2023-11-20 00:00:00+00:00,148.4245,148.5465,148.2235,148.38600000000002,0
2023-11-21 00:00:00+00:00,147.7815,148.4035,147.6115,148.254,0
2023-11-22 00:00:00+00:00,149.2365,149.47050000000002,149.2,149.3585,0
2023-11-23 00:00:00+00:00,149.5885,149.64299999999997,149.55399999999997,149.622,0
2023-11-24 00:00:00+00:00,149.6395,149.7145,149.373,149.50099999999998,0
2023-11-27 00:00:00+00:00,149.00900000000001,149.156,148.98000000000002,149.1345,0
2023-11-28 00:00:00+00:00,148.6105,148.6415,147.3915,147.4255,0
2023-11-29 00:00:00+00:00,147.273,147.65499999999997,147.1805,147.5685,0
2023-11-30 00:00:00+00:00,147.06,148.2695,146.88549999999998,148.2225,0
2023-12-01 00:00:00+00:00,148.12400000000002,148.1585,146.7905,146.8755,0
2023-12-03 00:00:00+00:00,146.6775,146.7255,146.23250000000002,146.364,0
2023-12-04 00:00:00+00:00,146.76299999999998,147.16500000000002,146.471,147.1065,0
2023-12-05 00:00:00+00:00,146.7955,147.23899999999998,146.788,147.18099999999998,0
2023-12-06 00:00:00+00:00,147.0795,147.336,147.0775,147.1845,0
2023-12-07 00:00:00+00:00,143.4565,143.7275,143.4365,143.724,0
2023-12-11 00:00:00+00:00,145.4115,146.186,145.3005,146.1525,0
2023-12-13 00:00:00+00:00,145.81400000000002,145.9545,145.096,145.1795,0
2023-12-14 00:00:00+00:00,141.921,141.97899999999998,141.769,141.802,0
2023-12-15 00:00:00+00:00,142.0505,142.13049999999998,141.7925,141.8965,0
2023-12-18 00:00:00+00:00,142.2835,143.159,142.1905,143.11700000000002,0
2023-12-19 00:00:00+00:00,143.8355,143.9005,143.78,143.84699999999998,0
2023-12-20 00:00:00+00:00,143.695,143.724,143.3685,143.57,0
2023-12-21 00:00:00+00:00,142.28699999999998,142.60399999999998,142.13299999999998,142.16649999999998,0
2023-12-22 00:00:00+00:00,142.072,142.375,141.8675,142.22000000000003,0
2023-12-25 00:00:00+00:00,142.2645,142.3175,142.233,142.31099999999998,0
2023-12-26 00:00:00+00:00,142.24450000000002,142.40949999999998,142.094,142.37900000000002,0
2023-12-27 00:00:00+00:00,142.615,142.73200000000003,142.43900000000002,142.4895,0
2023-12-28 00:00:00+00:00,141.3115,141.462,140.7765,141.36950000000002,0
2023-12-29 00:00:00+00:00,141.4865,141.4905,141.3845,141.4605,0
2024-01-02 00:00:00+00:00,141.8275,142.21800000000002,141.79399999999998,142.11599999999999,0
2024-01-03 00:00:00+00:00,143.14299999999997,143.147,142.952,142.999,0
2024-01-05 00:00:00+00:00,145.082,145.204,145.0045,145.18599999999998,0
2024-01-08 00:00:00+00:00,144.2345,144.4985,144.2025,144.4015,0
2024-01-09 00:00:00+00:00,144.067,144.48250000000002,143.9595,144.428,0
2024-01-10 00:00:00+00:00,144.78300000000002,145.33499999999998,144.735,145.2975,0
2024-01-11 00:00:00+00:00,145.9555,146.0205,145.264,145.284,0
2024-01-12 00:00:00+00:00,145.12599999999998,145.127,144.8465,144.9175,0
2024-01-15 00:00:00+00:00,144.969,145.8255,144.95499999999998,145.77499999999998,0
2024-01-16 00:00:00+00:00,145.849,146.7515,145.801,146.664,0
2024-01-17 00:00:00+00:00,147.7075,147.986,147.675,147.93900000000002,0
2024-01-18 00:00:00+00:00,148.137,148.2535,147.99599999999998,148.132,0
2024-01-19 00:00:00+00:00,148.58800000000002,148.611,148.1955,148.2725,0
2024-01-22 00:00:00+00:00,148.1275,148.305,148.0015,148.0985,0
2024-01-23 00:00:00+00:00,147.1285,148.3755,147.0405,148.336,0
2024-01-24 00:00:00+00:00,148.1055,148.148,147.75400000000002,147.8065,0
2024-01-25 00:00:00+00:00,147.8405,147.8495,147.6975,147.724,0
2024-01-26 00:00:00+00:00,147.66649999999998,147.8055,147.64999999999998,147.7945,0
2024-01-29 00:00:00+00:00,148.18099999999998,148.3365,147.25400000000002,147.4555,0
2024-01-30 00:00:00+00:00,147.44099999999997,147.769,147.373,147.60500000000002,0
2024-01-31 00:00:00+00:00,147.84550000000002,147.8835,146.3065,147.16,0
2024-02-01 00:00:00+00:00,146.9665,147.0545,146.327,146.44,0
2024-02-02 00:00:00+00:00,147.9685,148.05599999999998,147.6845,147.8795,0
2024-02-05 00:00:00+00:00,148.40300000000002,148.6295,148.2695,148.62900000000002,0
2024-02-06 00:00:00+00:00,148.5245,148.591,147.8195,147.8685,0
2024-02-09 00:00:00+00:00,149.285,149.5325,149.011,149.3885,0
2024-02-12 00:00:00+00:00,149.0245,149.3855,148.92899999999997,149.2575,0
2024-02-13 00:00:00+00:00,149.46800000000002,150.88600000000002,149.454,150.873,0
2024-02-14 00:00:00+00:00,150.548,150.64499999999998,150.353,150.483,0
2024-02-15 00:00:00+00:00,150.055,150.2475,150.0485,150.197,0
2024-02-16 00:00:00+00:00,150.2255,150.24900000000002,150.11700000000002,150.14499999999998,0
2024-02-18 00:00:00+00:00,150.15449999999998,150.168,150.03750000000002,150.1515,0
2024-02-20 00:00:00+00:00,150.2725,150.3475,150.1945,150.274,0
2024-02-23 00:00:00+00:00,150.476,150.675,150.348,150.531,0
2024-02-26 00:00:00+00:00,150.4185,150.81900000000002,150.3655,150.7945,0
2024-02-27 00:00:00+00:00,150.4905,150.5045,150.3235,150.466,0
2024-02-29 00:00:00+00:00,149.752,150.1825,149.6245,150.0705,0
2024-03-04 00:00:00+00:00,150.13,150.4015,150.101,150.31,0
2024-03-05 00:00:00+00:00,150.416,150.43099999999998,149.7045,149.9845,0
2024-03-06 00:00:00+00:00,149.3535,149.4495,149.3535,149.36599999999999,0
2024-03-07 00:00:00+00:00,147.9415,148.2245,147.733,148.122,0
2024-03-08 00:00:00+00:00,147.0335,147.26,147.029,147.1775,0
2024-03-11 00:00:00+00:00,146.8005,146.93099999999998,146.6735,146.765,0
2024-03-12 00:00:00+00:00,147.3305,147.7985,147.31900000000002,147.69,0
2024-03-13 00:00:00+00:00,147.37599999999998,147.97050000000002,147.286,147.7075,0
2024-03-14 00:00:00+00:00,147.916,147.971,147.88099999999997,147.9225,0
2024-03-15 00:00:00+00:00,149.094,149.0995,149.0135,149.0385,0
2024-03-18 00:00:00+00:00,149.2825,149.33100000000002,149.098,149.14100000000002,0
2024-03-19 00:00:00+00:00,150.3885,150.6095,150.34449999999998,150.493,0
2024-03-20 00:00:00+00:00,151.3175,151.54250000000002,150.8495,150.8525,0
2024-03-22 00:00:00+00:00,151.63,151.65449999999998,151.303,151.421,0
2024-03-24 00:00:00+00:00,151.28699999999998,151.3285,151.086,151.3145,0
2024-03-25 00:00:00+00:00,151.32,151.5095,151.1715,151.5065,0
2024-03-26 00:00:00+00:00,151.26999999999998,151.60500000000002,151.2465,151.58249999999998,0
2024-03-27 00:00:00+00:00,151.709,151.84,151.346,151.364,0
2024-03-28 00:00:00+00:00,151.2155,151.3465,151.1625,151.2765,0
2024-03-29 00:00:00+00:00,151.321,151.4475,151.31799999999998,151.3495,0
2024-04-01 00:00:00+00:00,151.3725,151.6765,151.3635,151.5975,0
2024-04-02 00:00:00+00:00,151.5565,151.575,151.539,151.575,0
2024-04-03 00:00:00+00:00,151.562,151.7855,151.535,151.68200000000002,0
2024-04-04 00:00:00+00:00,151.6635,151.6725,151.6255,151.647,0
2024-04-05 00:00:00+00:00,151.59300000000002,151.6185,151.5285,151.5815,0
2024-04-08 00:00:00+00:00,151.76100000000002,151.8785,151.7585,151.8355,0
2024-04-09 00:00:00+00:00,151.8945,151.922,151.74200000000002,151.78,0
2024-04-10 00:00:00+00:00,151.812,152.94400000000002,151.77499999999998,152.90449999999998,0
2024-04-11 00:00:00+00:00,152.971,153.2405,152.8345,153.2285,0
2024-04-12 00:00:00+00:00,152.928,153.15800000000002,152.904,153.1225,0
2024-04-15 00:00:00+00:00,153.92950000000002,153.94,153.8635,153.9135,0
2024-04-16 00:00:00+00:00,154.64600000000002,154.769,153.9005,154.5685,0
2024-04-17 00:00:00+00:00,154.63,154.66,154.3225,154.3365,0
2024-04-18 00:00:00+00:00,154.2385,154.313,154.2385,154.2955,0
2024-04-19 00:00:00+00:00,154.631,154.631,153.97500000000002,154.58100000000002,0
2024-04-22 00:00:00+00:00,154.716,154.84550000000002,154.6795,154.813,0
2024-04-23 00:00:00+00:00,154.76850000000002,154.78500000000003,154.71699999999998,154.7605,0
2024-04-24 00:00:00+00:00,154.7985,155.10899999999998,154.7705,155.0035,0
2024-04-25 00:00:00+00:00,155.6295,155.69299999999998,155.499,155.512,0
2024-04-29 00:00:00+00:00,157.0335,157.188,154.529,155.5675,0
2024-04-30 00:00:00+00:00,156.829,156.9505,156.47750000000002,156.86700000000002,0
2024-05-01 00:00:00+00:00,157.7485,157.85750000000002,157.6875,157.747,0
2024-05-02 00:00:00+00:00,155.14749999999998,155.31150000000002,152.88049999999998,153.13799999999998,0
2024-05-03 00:00:00+00:00,153.288,153.304,152.7515,152.87599999999998,0
2024-05-05 00:00:00+00:00,152.9955,153.0,152.8045,152.821,0
2024-05-07 00:00:00+00:00,154.402,154.4695,154.24,154.4245,0
2024-05-08 00:00:00+00:00,155.32999999999998,155.66000000000003,155.2125,155.635,0
2024-05-09 00:00:00+00:00,155.839,155.875,155.433,155.5615,0
2024-05-10 00:00:00+00:00,155.6745,155.88799999999998,155.6535,155.78,0
2024-05-13 00:00:00+00:00,155.848,156.2355,155.7805,156.211,0
2024-05-14 00:00:00+00:00,156.4305,156.51049999999998,156.3855,156.437,0
2024-05-15 00:00:00+00:00,156.3885,156.4795,154.733,154.90949999999998,0
2024-05-16 00:00:00+00:00,154.715,155.2995,154.637,155.25400000000002,0
2024-05-17 00:00:00+00:00,155.399,155.6895,155.3495,155.66899999999998,0
2024-05-20 00:00:00+00:00,155.72500000000002,156.2705,155.667,156.2695,0
2024-05-21 00:00:00+00:00,156.483,156.49900000000002,156.3975,156.4355,0
2024-05-22 00:00:00+00:00,156.47899999999998,156.7645,156.4155,156.735,0
2024-05-23 00:00:00+00:00,156.64800000000002,157.19650000000001,156.5435,157.0075,0
2024-05-24 00:00:00+00:00,157.0805,157.1295,157.031,157.0765,0
2024-05-27 00:00:00+00:00,156.8075,156.894,156.691,156.86,0
2024-05-28 00:00:00+00:00,156.7535,156.7695,156.6245,156.6585,0
2024-05-29 00:00:00+00:00,157.22500000000002,157.233,156.897,157.09699999999998,0
2024-05-30 00:00:00+00:00,156.6485,156.76799999999997,156.374,156.73149999999998,0
2024-05-31 00:00:00+00:00,156.69650000000001,157.2735,156.56,157.26749999999998,0
2024-06-03 00:00:00+00:00,156.7425,156.8825,156.6385,156.8585,0
2024-06-05 00:00:00+00:00,155.5855,155.709,155.5365,155.6455,0
2024-06-06 00:00:00+00:00,155.5705,155.947,155.5655,155.6765,0
2024-06-07 00:00:00+00:00,155.67849999999999,156.889,155.123,156.5985,0
2024-06-10 00:00:00+00:00,156.837,156.98200000000003,156.773,156.9055,0
2024-06-11 00:00:00+00:00,157.2455,157.2475,157.0885,157.0965,0
2024-06-12 00:00:00+00:00,157.183,157.3175,155.738,155.88299999999998,0
2024-06-13 00:00:00+00:00,156.834,157.017,156.69299999999998,156.849,0
2024-06-14 00:00:00+00:00,156.961,157.3105,156.9545,157.0655,0
2024-06-16 00:00:00+00:00,157.5195,157.6645,157.49450000000002,157.558,0
2024-06-17 00:00:00+00:00,157.81,157.8145,157.7305,157.75,0
2024-06-19 00:00:00+00:00,157.9005,157.9455,157.89100000000002,157.9335,0
2024-06-20 00:00:00+00:00,158.1255,158.781,158.05349999999999,158.776,0
2024-06-21 00:00:00+00:00,158.9525,159.21300000000002,158.9145,159.1515,0
2024-06-24 00:00:00+00:00,159.70299999999997,159.76549999999997,159.56799999999998,159.7005,0
2024-06-25 00:00:00+00:00,159.7465,159.7475,159.65449999999998,159.73250000000002,0
2024-06-26 00:00:00+00:00,159.71949999999998,160.709,159.6955,160.63049999999998,0
2024-06-27 00:00:00+00:00,160.555,160.72899999999998,160.47899999999998,160.7265,0
2024-06-28 00:00:00+00:00,160.8505,160.905,160.7595,160.7985,0
2024-07-01 00:00:00+00:00,160.90449999999998,161.5675,160.87,161.47050000000002,0
2024-07-02 00:00:00+00:00,161.678,161.728,161.422,161.4915,0
2024-07-03 00:00:00+00:00,161.49200000000002,161.9505,161.4445,161.94,0
2024-07-04 00:00:00+00:00,161.4435,161.4675,161.1395,161.248,0
2024-07-05 00:00:00+00:00,160.7385,160.76999999999998,160.61700000000002,160.699,0
2024-07-08 00:00:00+00:00,160.7315,160.749,160.69150000000002,160.72050000000002,0
2024-07-09 00:00:00+00:00,161.31799999999998,161.3395,161.2665,161.3135,0
2024-07-10 00:00:00+00:00,161.736,161.75099999999998,161.6925,161.70049999999998,0
2024-07-11 00:00:00+00:00,161.639,161.6945,161.623,161.6875,0
2024-07-12 00:00:00+00:00,159.037,159.2165,157.3635,158.32,0
2024-07-17 00:00:00+00:00,156.416,156.738,155.99349999999998,156.1625,0
2024-07-18 00:00:00+00:00,155.74099999999999,156.7755,155.723,156.7585,0
2024-07-22 00:00:00+00:00,157.4445,157.4445,157.01299999999998,157.1395,0
2024-07-23 00:00:00+00:00,155.983,156.091,155.94650000000001,156.023,0
2024-07-24 00:00:00+00:00,155.0575,155.0575,153.856,153.8895,0
2024-07-25 00:00:00+00:00,153.9035,153.90550000000002,153.381,153.704,0
2024-07-29 00:00:00+00:00,153.8885,154.2105,153.7335,154.17700000000002,0
2024-07-30 00:00:00+00:00,154.0745,154.65499999999997,154.063,154.6025,0
2024-07-31 00:00:00+00:00,149.88400000000001,150.195,149.804,150.17399999999998,0
2024-08-02 00:00:00+00:00,148.85399999999998,149.2245,146.44,146.495,0
2024-08-07 00:00:00+00:00,146.736,147.192,146.34050000000002,146.8505,0
2024-08-08 00:00:00+00:00,146.598,147.438,146.312,147.21499999999997,0
2024-08-09 00:00:00+00:00,147.2375,147.26850000000002,146.596,146.61599999999999,0
2024-08-12 00:00:00+00:00,147.877,147.894,147.2465,147.5455,0
2024-08-13 00:00:00+00:00,147.26749999999998,147.51749999999998,146.64800000000002,146.67899999999997,0
2024-08-14 00:00:00+00:00,146.96300000000002,147.0115,146.5775,146.76549999999997,0
2024-08-15 00:00:00+00:00,149.0435,149.187,148.959,149.096,0
2024-08-16 00:00:00+00:00,149.232,149.27100000000002,148.8985,149.0165,0
2024-08-19 00:00:00+00:00,147.3485,147.3745,146.3155,146.4615,0
2024-08-20 00:00:00+00:00,147.0035,147.1655,145.096,145.144,0
2024-08-22 00:00:00+00:00,145.61950000000002,145.6345,145.3745,145.447,0
2024-08-23 00:00:00+00:00,146.02100000000002,146.1045,145.94,146.034,0
2024-08-26 00:00:00+00:00,143.716,144.558,143.449,144.5255,0
2024-08-27 00:00:00+00:00,144.8465,144.95350000000002,143.926,143.9435,0
2024-08-28 00:00:00+00:00,144.4125,144.7615,144.346,144.7035,0
2024-08-29 00:00:00+00:00,144.488,144.9365,144.4655,144.91750000000002,0
2024-08-30 00:00:00+00:00,145.1215,145.154,145.023,145.13400000000001,0
2024-09-01 00:00:00+00:00,146.11599999999999,146.449,146.11599999999999,146.448,0
2024-09-03 00:00:00+00:00,145.6325,145.716,145.451,145.4735,0
2024-09-04 00:00:00+00:00,145.1675,145.3185,143.60500000000002,143.656,0
2024-09-05 00:00:00+00:00,143.57600000000002,143.60000000000002,143.3245,143.41649999999998,0
2024-09-06 00:00:00+00:00,142.394,142.5375,142.058,142.5245,0
2024-09-09 00:00:00+00:00,142.7005,143.436,142.6165,142.928,0
2024-09-10 00:00:00+00:00,142.289,142.476,142.1955,142.464,0
2024-09-11 00:00:00+00:00,141.378,142.475,141.16899999999998,142.46249999999998,0
2024-09-13 00:00:00+00:00,140.9805,141.024,140.36599999999999,140.9315,0
2024-09-16 00:00:00+00:00,140.2385,140.482,140.211,140.459,0
2024-09-17 00:00:00+00:00,140.683,142.41500000000002,140.48200000000003,142.3585,0
2024-09-18 00:00:00+00:00,141.3195,142.313,141.2825,142.13299999999998,0
2024-09-19 00:00:00+00:00,143.1735,143.29649999999998,142.5245,142.668,0
2024-09-20 00:00:00+00:00,144.4245,144.4975,143.8495,143.9095,0
2024-09-22 00:00:00+00:00,143.9245,144.113,143.814,143.89,0
2024-09-23 00:00:00+00:00,144.25650000000002,144.3205,143.4575,143.7755,0
2024-09-24 00:00:00+00:00,143.6695,144.3565,143.2745,143.385,0
2024-09-26 00:00:00+00:00,144.9305,144.9665,144.5645,144.6245,0
2024-09-30 00:00:00+00:00,142.6895,143.1285,142.418,143.096,0
2024-10-02 00:00:00+00:00,146.051,146.1655,145.914,146.03199999999998,0
2024-10-03 00:00:00+00:00,146.728,146.86,146.303,146.4525,0
2024-10-04 00:00:00+00:00,146.08800000000002,148.764,145.9515,148.6995,0
2024-10-07 00:00:00+00:00,148.409,148.5425,147.688,148.13400000000001,0
2024-10-09 00:00:00+00:00,149.23950000000002,149.2945,149.173,149.18900000000002,0
2024-10-10 00:00:00+00:00,149.16,149.2945,148.4415,148.921,0
2024-10-11 00:00:00+00:00,148.71249999999998,149.1315,148.419,149.00549999999998,0
2024-10-13 00:00:00+00:00,149.1415,149.338,149.1365,149.337,0
2024-10-14 00:00:00+00:00,149.21300000000002,149.89800000000002,149.188,149.827,0
2024-10-15 00:00:00+00:00,149.7245,149.7455,149.529,149.57999999999998,0
2024-10-16 00:00:00+00:00,149.27100000000002,149.8075,148.8625,149.72050000000002,0
2024-10-17 00:00:00+00:00,149.411,150.0845,149.411,149.8315,0
2024-10-21 00:00:00+00:00,149.606,150.2785,149.2545,150.2385,0
2024-10-22 00:00:00+00:00,150.8285,151.0625,150.695,151.003,0
2024-10-23 00:00:00+00:00,152.16899999999998,152.9085,152.11700000000002,152.777,0
2024-10-24 00:00:00+00:00,152.6385,152.7945,151.65949999999998,151.69150000000002,0
2024-10-27 00:00:00+00:00,152.9535,153.0395,152.7735,152.95800000000003,0
2024-10-28 00:00:00+00:00,153.6465,153.7465,153.2025,153.2295,0
2024-10-30 00:00:00+00:00,153.22899999999998,153.4645,153.1975,153.2735,0
2024-11-01 00:00:00+00:00,152.5485,153.04500000000002,152.5255,152.8955,0
2024-11-04 00:00:00+00:00,151.8105,152.0675,151.73149999999998,151.83249999999998,0
2024-11-05 00:00:00+00:00,152.3855,152.546,152.2655,152.35199999999998,0
2024-11-06 00:00:00+00:00,151.4445,154.3665,151.2905,154.3535,0
2024-11-07 00:00:00+00:00,154.57999999999998,154.6725,152.923,153.176,0
2024-11-08 00:00:00+00:00,152.35000000000002,152.791,152.2565,152.4235,0
2024-11-11 00:00:00+00:00,153.1475,153.88099999999997,153.0315,153.8065,0
2024-11-12 00:00:00+00:00,153.94099999999997,154.66750000000002,153.889,154.53199999999998,0
2024-11-13 00:00:00+00:00,154.852,154.96300000000002,154.7505,154.9245,0
2024-11-14 00:00:00+00:00,155.92649999999998,156.54,155.8885,156.4855,0
2024-11-18 00:00:00+00:00,154.274,155.144,154.1015,154.65499999999997,0
2024-11-19 00:00:00+00:00,154.1705,154.72899999999998,153.411,154.6625,0
2024-11-21 00:00:00+00:00,154.32299999999998,154.66899999999998,154.11,154.16,0
2024-11-22 00:00:00+00:00,154.5005,154.8175,154.25599999999997,154.80399999999997,0
2024-11-25 00:00:00+00:00,154.296,154.558,154.154,154.541,0
2024-11-26 00:00:00+00:00,154.017,154.11399999999998,153.417,153.49099999999999,0
2024-11-27 00:00:00+00:00,151.828,151.8955,151.35750000000002,151.4755,0
2024-11-29 00:00:00+00:00,149.60000000000002,149.6865,149.46800000000002,149.6495,0
2024-12-02 00:00:00+00:00,149.2665,149.627,149.2165,149.599,0
2024-12-03 00:00:00+00:00,149.5185,150.13299999999998,149.50099999999998,150.0085,0
2024-12-04 00:00:00+00:00,150.01049999999998,150.66199999999998,149.9815,150.5885,0
2024-12-05 00:00:00+00:00,150.4855,150.503,150.178,150.25099999999998,0
2024-12-06 00:00:00+00:00,149.97199999999998,150.0565,149.9555,149.962,0
2024-12-09 00:00:00+00:00,150.76999999999998,150.95,150.74450000000002,150.8775,0
2024-12-10 00:00:00+00:00,151.07100000000003,151.73700000000002,150.9545,151.707,0
2024-12-11 00:00:00+00:00,151.44650000000001,152.70499999999998,151.41699999999997,152.6535,0
2024-12-12 00:00:00+00:00,152.31900000000002,152.6925,152.16699999999997,152.6255,0
2024-12-13 00:00:00+00:00,153.3025,153.63,153.3015,153.5985,0
2024-12-16 00:00:00+00:00,153.81799999999998,154.2515,153.7315,154.1535,0
2024-12-17 00:00:00+00:00,154.151,154.2365,153.245,153.2725,0
2024-12-18 00:00:00+00:00,153.5925,153.83800000000002,153.57799999999997,153.762,0
2024-12-19 00:00:00+00:00,157.54149999999998,157.555,157.351,157.4235,0
2024-12-20 00:00:00+00:00,156.50549999999998,156.5875,156.101,156.1085,0
2024-12-24 00:00:00+00:00,157.142,157.377,156.9885,157.29899999999998,0
2024-12-26 00:00:00+00:00,157.32999999999998,157.4755,157.245,157.4345,0
2025-01-02 00:00:00+00:00,157.024,157.2105,156.97899999999998,157.2095,0
2025-01-03 00:00:00+00:00,157.168,157.228,157.1085,157.2045,0
2025-01-06 00:00:00+00:00,157.667,157.76600000000002,157.3495,157.54649999999998,0
2025-01-07 00:00:00+00:00,157.609,157.7845,157.565,157.7475,0
2025-01-08 00:00:00+00:00,157.97199999999998,158.498,157.9365,158.394,0
2025-01-09 00:00:00+00:00,158.1105,158.287,157.99099999999999,158.13400000000001,0
2025-01-10 00:00:00+00:00,158.0445,158.88150000000002,157.226,157.5575,0
2025-01-12 00:00:00+00:00,157.748,157.9315,157.7055,157.914,0
2025-01-13 00:00:00+00:00,157.793,157.868,157.106,157.652,0
2025-01-14 00:00:00+00:00,157.98250000000002,158.022,157.9295,157.9515,0
2025-01-15 00:00:00+00:00,156.98149999999998,157.089,156.253,156.39800000000002,0
2025-01-16 00:00:00+00:00,155.786,156.2005,155.171,155.29399999999998,0
2025-01-17 00:00:00+00:00,156.0465,156.324,155.77800000000002,156.3,0
2025-01-20 00:00:00+00:00,155.986,156.1095,155.8655,155.926,0
2025-01-21 00:00:00+00:00,155.4785,155.834,155.4765,155.746,0
2025-01-22 00:00:00+00:00,155.834,155.9765,155.685,155.886,0
2025-01-23 00:00:00+00:00,156.39999999999998,156.42200000000003,155.7545,155.973,0
2025-01-27 00:00:00+00:00,154.43200000000002,154.72199999999998,154.43200000000002,154.54500000000002,0
2025-01-29 00:00:00+00:00,155.715,155.7825,154.941,155.011,0
2025-01-30 00:00:00+00:00,154.72500000000002,154.72500000000002,154.262,154.2975,0
2025-01-31 00:00:00+00:00,154.9195,154.97500000000002,154.66500000000002,154.7645,0
2025-02-02 00:00:00+00:00,154.8195,155.1405,154.77800000000002,155.0385,0
2025-02-03 00:00:00+00:00,154.6515,154.74849999999998,154.37849999999997,154.53300000000002,0
2025-02-04 00:00:00+00:00,155.15449999999998,155.3055,154.23700000000002,154.341,0
2025-02-06 00:00:00+00:00,152.239,152.35750000000002,151.35899999999998,151.53199999999998,0
2025-02-07 00:00:00+00:00,152.1555,152.24599999999998,151.2005,151.38299999999998,0
2025-02-10 00:00:00+00:00,151.87900000000002,152.026,151.57100000000003,151.889,0
2025-02-11 00:00:00+00:00,151.9535,152.59699999999998,151.651,152.49400000000003,0
2025-02-12 00:00:00+00:00,153.6895,154.489,153.493,154.415,0
2025-02-13 00:00:00+00:00,154.022,154.0925,153.8985,153.9795,0
2025-02-14 00:00:00+00:00,152.6465,152.6465,152.44650000000001,152.5695,0
2025-02-18 00:00:00+00:00,151.73149999999998,151.8545,151.6925,151.84199999999998,0
2025-02-19 00:00:00+00:00,151.6565,151.83499999999998,151.6565,151.735,0
2025-02-20 00:00:00+00:00,150.17399999999998,150.39100000000002,150.161,150.3425,0
2025-02-21 00:00:00+00:00,150.3635,150.548,149.51,149.55200000000002,0
2025-02-24 00:00:00+00:00,149.7635,149.914,149.61,149.9125,0
2025-02-25 00:00:00+00:00,149.435,149.54149999999998,149.00549999999998,149.139,0
2025-02-26 00:00:00+00:00,149.574,149.8875,148.966,148.9905,0
2025-02-27 00:00:00+00:00,149.34550000000002,150.109,149.2045,150.089,0
2025-02-28 00:00:00+00:00,150.04500000000002,150.815,149.937,150.598,0
2025-03-03 00:00:00+00:00,151.20850000000002,151.3025,151.115,151.23899999999998,0
2025-03-04 00:00:00+00:00,149.3175,149.514,149.01100000000002,149.10199999999998,0
2025-03-05 00:00:00+00:00,148.957,149.142,148.7835,148.7895,0
2025-03-07 00:00:00+00:00,147.6765,147.755,146.961,147.48950000000002,0
2025-03-11 00:00:00+00:00,146.973,147.6445,146.9205,147.5595,0
2025-03-12 00:00:00+00:00,148.035,148.29500000000002,147.868,148.2285,0
2025-03-17 00:00:00+00:00,148.7945,149.399,148.442,149.39800000000002,0
2025-03-18 00:00:00+00:00,149.753,149.85000000000002,149.7045,149.7905,0
2025-03-20 00:00:00+00:00,148.78,148.801,148.7075,148.7815,0
2025-03-21 00:00:00+00:00,149.561,149.613,148.772,148.8735,0
2025-03-25 00:00:00+00:00,150.49200000000002,150.5035,149.89049999999997,149.96050000000002,0
2025-03-26 00:00:00+00:00,150.473,150.60899999999998,150.308,150.40499999999997,0
2025-03-27 00:00:00+00:00,151.0455,151.053,151.0195,151.0395,0
2025-03-28 00:00:00+00:00,150.7735,150.84699999999998,150.611,150.6145,0
2025-04-01 00:00:00+00:00,149.62,149.692,149.5035,149.6675,0
2025-04-02 00:00:00+00:00,149.69549999999998,150.0905,148.156,148.417,0
2025-04-04 00:00:00+00:00,145.85500000000002,146.15800000000002,145.04649999999998,145.51749999999998,0
2025-04-07 00:00:00+00:00,146.024,146.625,146.0165,146.232,0
2025-04-08 00:00:00+00:00,147.243,147.4125,145.60250000000002,145.853,0
2025-04-09 00:00:00+00:00,147.3985,147.543,147.282,147.4115,0
2025-04-10 00:00:00+00:00,146.608,147.14600000000002,144.77999999999997,144.8155,0
2025-04-11 00:00:00+00:00,143.6045,144.147,142.8355,143.5315,0
2025-04-14 00:00:00+00:00,143.024,143.204,142.665,142.9935,0
2025-04-15 00:00:00+00:00,143.161,143.22699999999998,143.14100000000002,143.19099999999997,0
2025-04-17 00:00:00+00:00,142.6125,142.69400000000002,142.31650000000002,142.416,0
2025-04-18 00:00:00+00:00,142.3705,142.378,142.2855,142.325,0
2025-04-20 00:00:00+00:00,141.7365,141.7695,141.5,141.5925,0
2025-04-21 00:00:00+00:00,140.769,140.9195,140.571,140.90550000000002,0
2025-04-22 00:00:00+00:00,141.284,141.39249999999998,141.0425,141.11200000000002,0
2025-04-23 00:00:00+00:00,141.71300000000002,141.9445,141.5315,141.87,0
2025-04-24 00:00:00+00:00,142.7825,142.8995,142.57150000000001,142.647,0
2025-04-25 00:00:00+00:00,143.40300000000002,143.8465,143.2525,143.6705,0
2025-04-28 00:00:00+00:00,143.54399999999998,143.5795,143.3305,143.4535,0
2025-04-29 00:00:00+00:00,142.3825,142.49200000000002,142.20100000000002,142.26600000000002,0
2025-04-30 00:00:00+00:00,143.0155,143.0495,142.6885,142.8195,0
2025-05-01 00:00:00+00:00,143.0775,145.503,142.96800000000002,145.324,0
2025-05-02 00:00:00+00:00,143.86700000000002,144.159,143.731,144.0095,0
2025-05-05 00:00:00+00:00,144.2345,144.3175,143.8945,143.921,0
2025-05-06 00:00:00+00:00,144.0475,144.0605,142.4185,142.4225,0
2025-05-07 00:00:00+00:00,143.3895,143.83550000000002,143.2775,143.7735,0
2025-05-08 00:00:00+00:00,143.67399999999998,143.678,143.53300000000002,143.6025,0
2025-05-12 00:00:00+00:00,148.074,148.5935,148.048,148.3855,0
2025-05-13 00:00:00+00:00,147.961,148.1395,147.73200000000003,147.8415,0
2025-05-14 00:00:00+00:00,147.2055,147.3045,146.442,146.577,0
2025-05-15 00:00:00+00:00,145.5385,145.9425,145.53,145.88600000000002,0
2025-05-16 00:00:00+00:00,145.576,146.0335,145.0045,145.918,0
2025-05-19 00:00:00+00:00,145.2435,145.34500000000003,144.7775,144.8595,0
2025-05-20 00:00:00+00:00,144.5975,144.6725,144.298,144.32150000000001,0
2025-05-21 00:00:00+00:00,143.67200000000003,143.781,143.6025,143.6865,0
2025-05-22 00:00:00+00:00,143.3325,143.9245,143.003,143.861,0
2025-05-23 00:00:00+00:00,142.613,142.788,142.6125,142.6445,0
2025-05-26 00:00:00+00:00,142.344,142.792,142.3385,142.7705,0
2025-05-27 00:00:00+00:00,143.914,144.1795,143.898,144.144,0
2025-05-28 00:00:00+00:00,144.127,145.079,144.08999999999997,145.0495,0
2025-05-29 00:00:00+00:00,145.57999999999998,145.6085,145.20299999999997,145.261,0
2025-06-02 00:00:00+00:00,143.7985,143.8015,143.531,143.5385,0
2025-06-03 00:00:00+00:00,142.7105,143.94400000000002,142.7095,143.909,0
2025-06-04 00:00:00+00:00,143.993,144.29649999999998,142.789,142.885,0
2025-06-05 00:00:00+00:00,142.9245,143.3245,142.8165,143.27100000000002,0
2025-06-06 00:00:00+00:00,143.6715,144.892,143.6465,144.86849999999998,0
2025-06-09 00:00:00+00:00,144.1055,144.1895,144.035,144.1745,0
2025-06-10 00:00:00+00:00,145.014,145.2905,144.875,144.97199999999998,0
2025-06-11 00:00:00+00:00,144.986,145.2465,144.199,144.2575,0
2025-06-12 00:00:00+00:00,143.548,143.7865,143.4025,143.62,0
2025-06-13 00:00:00+00:00,143.0965,144.19150000000002,142.793,144.0475,0
2025-06-16 00:00:00+00:00,144.11700000000002,144.284,144.082,144.1015,0
2025-06-17 00:00:00+00:00,145.062,145.062,144.392,144.85899999999998,0
2025-06-18 00:00:00+00:00,145.122,145.135,144.33249999999998,145.0435,0
2025-06-19 00:00:00+00:00,145.70850000000002,145.7715,145.59,145.671,0
2025-06-20 00:00:00+00:00,145.2785,145.9955,145.2465,145.973,0
2025-06-23 00:00:00+00:00,147.3315,147.631,147.3275,147.606,0
2025-06-24 00:00:00+00:00,145.19650000000001,145.4085,144.5705,144.81799999999998,0
2025-06-25 00:00:00+00:00,144.9425,145.9495,144.9425,145.8655,0
2025-06-26 00:00:00+00:00,144.7195,144.8415,144.661,144.6945,0
2025-06-27 00:00:00+00:00,144.4565,144.58999999999997,144.411,144.546,0
2025-06-30 00:00:00+00:00,144.115,144.389,144.054,144.22500000000002,0
2025-07-01 00:00:00+00:00,143.5815,143.762,142.8235,143.5805,0
2025-07-02 00:00:00+00:00,143.753,143.887,143.61149999999998,143.649,0
2025-07-03 00:00:00+00:00,144.7655,145.13400000000001,144.64,145.0965,0
2025-07-04 00:00:00+00:00,144.3775,144.58350000000002,144.30700000000002,144.5165,0
2025-07-07 00:00:00+00:00,144.9855,146.2345,144.952,146.0625,0
2025-07-08 00:00:00+00:00,145.9985,146.108,145.94650000000001,146.099,0
2025-07-09 00:00:00+00:00,146.98700000000002,147.0355,146.307,146.3375,0
2025-07-10 00:00:00+00:00,146.18,146.2545,146.086,146.122,0
2025-07-11 00:00:00+00:00,146.27800000000002,147.40699999999998,146.246,147.369,0
2025-07-14 00:00:00+00:00,147.3195,147.3465,147.1585,147.288,0
2025-07-15 00:00:00+00:00,147.61,148.996,147.5555,148.94150000000002,0
2025-07-16 00:00:00+00:00,148.837,148.8885,147.769,147.9955,0
2025-07-17 00:00:00+00:00,148.66,148.7545,148.644,148.7255,0
2025-07-18 00:00:00+00:00,148.7405,148.8855,148.65300000000002,148.7815,0
2025-07-21 00:00:00+00:00,148.519,148.56,147.2725,147.3595,0
2025-07-22 00:00:00+00:00,147.63049999999998,147.8095,146.507,146.63400000000001,0
2025-07-23 00:00:00+00:00,146.925,147.0775,146.163,146.4155,0
2025-07-24 00:00:00+00:00,146.3505,147.0265,146.26799999999997,147.014,0
2025-07-25 00:00:00+00:00,147.2105,147.9225,146.8515,147.61700000000002,0
2025-07-28 00:00:00+00:00,147.7845,148.375,147.602,148.275,0
2025-07-29 00:00:00+00:00,148.5825,148.624,148.3525,148.5765,0
2025-07-30 00:00:00+00:00,148.029,149.538,147.86200000000002,149.503,0
2025-07-31 00:00:00+00:00,149.877,150.78699999999998,149.8135,150.757,0
2025-08-01 00:00:00+00:00,150.7385,150.917,147.7845,147.828,0
2025-08-04 00:00:00+00:00,147.89600000000002,147.94549999999998,147.046,147.099,0
2025-08-05 00:00:00+00:00,147.1745,147.5695,147.03300000000002,147.49599999999998,0
2025-08-06 00:00:00+00:00,147.248,147.437,147.247,147.39100000000002,0
2025-08-07 00:00:00+00:00,147.514,147.535,146.816,146.9505,0
2025-08-08 00:00:00+00:00,147.88150000000002,147.9035,147.692,147.8175,0
2025-08-11 00:00:00+00:00,147.48399999999998,148.23700000000002,147.4755,148.19600000000003,0
2025-08-12 00:00:00+00:00,147.7655,147.8065,147.6935,147.738,0
2025-08-13 00:00:00+00:00,148.058,148.16899999999998,147.3895,147.435,0
2025-08-14 00:00:00+00:00,147.85000000000002,147.9095,147.753,147.86849999999998,0
2025-08-15 00:00:00+00:00,146.954,147.0555,146.9105,146.9865,0
2025-08-18 00:00:00+00:00,147.3775,147.9855,147.11950000000002,147.7595,0
2025-08-19 00:00:00+00:00,147.4745,147.578,147.4525,147.5145,0
2025-08-20 00:00:00+00:00,147.2745,147.44150000000002,147.0855,147.156,0
2025-08-21 00:00:00+00:00,147.42399999999998,148.388,147.34300000000002,148.373,0
2025-08-25 00:00:00+00:00,147.34199999999998,147.825,147.20850000000002,147.788,0
2025-08-27 00:00:00+00:00,148.14350000000002,148.1475,147.39800000000002,147.423,0
2025-08-28 00:00:00+00:00,147.09699999999998,147.20749999999998,146.8765,146.97750000000002,0
2025-08-29 00:00:00+00:00,146.9055,147.026,146.9035,147.0145,0
2025-09-01 00:00:00+00:00,147.15949999999998,147.2335,147.1515,147.202,0
2025-09-02 00:00:00+00:00,147.6705,148.4205,147.5745,148.3825,0
2025-09-03 00:00:00+00:00,148.727,148.7975,148.5755,148.642,0
2025-09-04 00:00:00+00:00,148.24599999999998,148.56650000000002,148.13,148.4865,0
2025-09-05 00:00:00+00:00,148.1725,148.186,148.08249999999998,148.1465,0
2025-09-07 00:00:00+00:00,148.02100000000002,148.47199999999998,147.938,148.433,0
2025-09-08 00:00:00+00:00,147.6775,147.8745,147.2145,147.375,0
2025-09-09 00:00:00+00:00,147.36599999999999,147.47050000000002,146.464,147.412,0
2025-09-11 00:00:00+00:00,147.582,147.7905,147.5625,147.7245,0
2025-09-14 00:00:00+00:00,147.6265,147.71800000000002,147.5465,147.65300000000002,0
2025-09-15 00:00:00+00:00,147.57799999999997,147.61200000000002,147.50799999999998,147.51749999999998,0
2025-09-16 00:00:00+00:00,146.89499999999998,146.9005,146.27949999999998,146.377,0
2025-09-17 00:00:00+00:00,146.6685,146.9105,146.3765,146.8855,0
2025-09-18 00:00:00+00:00,147.2745,148.0815,147.2175,147.94400000000002,0
2025-09-19 00:00:00+00:00,147.51299999999998,147.98950000000002,147.471,147.852,0
2025-09-22 00:00:00+00:00,148.11700000000002,148.1285,147.65949999999998,147.6865,0
2025-09-23 00:00:00+00:00,147.7185,147.79649999999998,147.6895,147.766,0
2025-09-24 00:00:00+00:00,147.77100000000002,148.8535,147.7615,148.8075,0
2025-09-25 00:00:00+00:00,149.4295,149.637,149.34300000000002,149.637,0
2025-09-26 00:00:00+00:00,149.7065,149.731,149.64499999999998,149.6455,0
2025-09-29 00:00:00+00:00,148.582,148.649,148.55349999999999,148.587,0
2025-09-30 00:00:00+00:00,148.075,148.17849999999999,147.9435,148.052,0
2025-10-01 00:00:00+00:00,147.20850000000002,147.264,147.055,147.098,0
2025-10-02 00:00:00+00:00,147.086,147.3795,146.894,147.15800000000002,0
2025-10-03 00:00:00+00:00,147.3665,147.527,147.313,147.4595,0
2025-10-05 00:00:00+00:00,149.322,149.659,149.236,149.5855,0
2025-10-06 00:00:00+00:00,150.2055,150.322,150.1625,150.3,0
2025-10-07 00:00:00+00:00,150.757,152.046,150.709,151.9005,0
2025-10-08 00:00:00+00:00,152.486,152.9975,152.40449999999998,152.7285,0
2025-10-09 00:00:00+00:00,152.803,153.087,152.4755,153.03199999999998,0
2025-10-10 00:00:00+00:00,152.755,152.851,152.6885,152.83350000000002,0
2025-10-13 00:00:00+00:00,151.9325,151.96949999999998,151.8115,151.913,0
2025-10-14 00:00:00+00:00,151.78199999999998,151.9175,151.6705,151.738,0
2025-10-15 00:00:00+00:00,151.7065,151.83100000000002,151.1255,151.336,0
2025-10-16 00:00:00+00:00,150.41449999999998,150.43900000000002,150.24599999999998,150.26299999999998,0
2025-10-17 00:00:00+00:00,150.341,150.5,150.34050000000002,150.40800000000002,0
2025-10-20 00:00:00+00:00,150.725,150.7715,150.51600000000002,150.6985,0
2025-10-21 00:00:00+00:00,151.799,152.051,151.74,151.927,0
2025-10-22 00:00:00+00:00,151.627,151.81099999999998,151.4905,151.6465,0
2025-10-23 00:00:00+00:00,152.6115,152.66649999999998,152.51299999999998,152.573,0
2025-10-24 00:00:00+00:00,152.61200000000002,153.038,152.477,152.8655,0
2025-10-27 00:00:00+00:00,152.89,153.1215,152.6565,153.09699999999998,0
2025-10-28 00:00:00+00:00,151.9545,152.19600000000003,151.7265,151.73899999999998,0
2025-10-29 00:00:00+00:00,152.36450000000002,152.45350000000002,152.13150000000002,152.14600000000002,0
2025-10-30 00:00:00+00:00,154.1725,154.2315,154.0685,154.10000000000002,0
2025-10-31 00:00:00+00:00,154.2485,154.29250000000002,154.082,154.0965,0
2025-11-02 00:00:00+00:00,154.052,154.0985,154.0245,154.08300000000003,0
2025-11-03 00:00:00+00:00,154.1925,154.22050000000002,154.1755,154.195,0
2025-11-04 00:00:00+00:00,153.531,153.54250000000002,153.3185,153.389,0
2025-11-05 00:00:00+00:00,153.5525,154.09300000000002,153.23250000000002,154.09,0
2025-11-06 00:00:00+00:00,153.5625,153.77300000000002,152.9755,152.98250000000002,0
2025-11-07 00:00:00+00:00,153.186,153.515,153.05,153.5095,0
2025-11-10 00:00:00+00:00,154.1185,154.138,153.985,154.0605,0
2025-11-11 00:00:00+00:00,154.197,154.1985,153.6685,153.7765,0
2025-11-12 00:00:00+00:00,154.086,154.994,154.0515,154.9425,0
2025-11-13 00:00:00+00:00,154.89499999999998,154.952,154.483,154.5645,0
2025-11-14 00:00:00+00:00,154.5575,154.7025,154.555,154.6935,0
2025-11-16 00:00:00+00:00,154.57999999999998,154.5915,154.5125,154.53699999999998,0
2025-11-17 00:00:00+00:00,154.844,155.2655,154.76999999999998,155.1995,0
2025-11-18 00:00:00+00:00,155.2025,155.442,154.87400000000002,155.4275,0
2025-11-19 00:00:00+00:00,155.5285,155.5815,155.3745,155.4745,0
2025-11-20 00:00:00+00:00,157.3985,157.87900000000002,157.2265,157.462,0
2025-11-21 00:00:00+00:00,156.856,156.89600000000002,156.611,156.7495,0
2025-11-24 00:00:00+00:00,156.6875,156.947,156.6625,156.9405,0
2025-11-26 00:00:00+00:00,156.4555,156.6855,156.32850000000002,156.6645,0
2025-11-27 00:00:00+00:00,155.99,156.3685,155.917,156.332,0
2025-12-01 00:00:00+00:00,155.362,155.5745,155.261,155.563,0
2025-12-03 00:00:00+00:00,155.66750000000002,155.6825,155.52949999999998,155.623,0
2025-12-04 00:00:00+00:00,155.11950000000002,155.4125,154.7735,154.9375,0
2025-12-05 00:00:00+00:00,155.175,155.261,155.10899999999998,155.19650000000001,0
2025-12-08 00:00:00+00:00,155.07049999999998,155.8785,154.914,155.826,0
2025-12-09 00:00:00+00:00,156.357,156.5165,156.2875,156.345,0
2025-12-10 00:00:00+00:00,156.65550000000002,156.6835,156.29649999999998,156.423,0
2025-12-11 00:00:00+00:00,155.8665,155.8835,155.7595,155.7665,0
2025-12-12 00:00:00+00:00,155.676,155.81650000000002,155.63400000000001,155.7835,0
2025-12-15 00:00:00+00:00,155.256,155.3895,155.0345,155.357,0
2025-12-16 00:00:00+00:00,154.83800000000002,154.9065,154.701,154.774,0
2025-12-17 00:00:00+00:00,155.54649999999998,155.576,155.4545,155.488,0
2025-12-18 00:00:00+00:00,155.766,155.784,155.551,155.5575,0
2025-12-19 00:00:00+00:00,157.322,157.38150000000002,157.2375,157.3195,0
2025-12-22 00:00:00+00:00,157.4135,157.43099999999998,157.35750000000002,157.398,0
2025-12-23 00:00:00+00:00,156.337,156.352,156.2515,156.2975,0
2025-12-24 00:00:00+00:00,155.971,156.019,155.942,155.9675,0
2025-12-26 00:00:00+00:00,156.402,156.5875,156.32850000000002,156.54500000000002,0
2025-12-29 00:00:00+00:00,156.312,156.3255,155.93099999999998,156.10750000000002,0
2025-12-30 00:00:00+00:00,156.25650000000002,156.3275,155.85649999999998,155.983,0
2025-12-31 00:00:00+00:00,156.494,156.8885,156.494,156.751,0
2026-01-02 00:00:00+00:00,156.566,156.92000000000002,156.51999999999998,156.8535,0
2026-01-05 00:00:00+00:00,157.1485,157.1835,156.2665,156.3305,0
2026-01-06 00:00:00+00:00,156.499,156.5815,156.3525,156.3705,0
2026-01-07 00:00:00+00:00,156.6485,156.654,156.5085,156.5625,0
2026-01-08 00:00:00+00:00,156.695,156.893,156.644,156.893,0
2026-01-09 00:00:00+00:00,157.6465,157.7355,157.57600000000002,157.712,0
2026-01-11 00:00:00+00:00,158.115,158.124,158.01,158.065,0
2026-01-12 00:00:00+00:00,158.15550000000002,158.1735,158.065,158.0875,0
2026-01-13 00:00:00+00:00,158.785,159.1415,158.7455,159.026,0
2026-01-14 00:00:00+00:00,159.337,159.35250000000002,158.4595,158.59199999999998,0
2026-01-15 00:00:00+00:00,158.4305,158.6525,158.399,158.61399999999998,0
2026-01-16 00:00:00+00:00,158.594,158.70350000000002,158.0405,158.0805,0
2026-01-19 00:00:00+00:00,157.68599999999998,158.0285,157.685,157.9215,0
2026-01-20 00:00:00+00:00,157.7515,158.2995,157.65699999999998,158.2885,0
2026-01-21 00:00:00+00:00,157.88799999999998,158.1515,157.877,158.1135,0
2026-01-22 00:00:00+00:00,158.7165,158.8505,158.537,158.61450000000002,0
2026-01-23 00:00:00+00:00,158.139,158.26600000000002,158.09550000000002,158.1565,0
2026-01-26 00:00:00+00:00,155.151,155.34750000000003,153.7175,153.8885,0
2026-01-27 00:00:00+00:00,154.5035,154.6115,152.5745,152.7655,0
2026-01-28 00:00:00+00:00,152.64,153.4665,152.56599999999997,153.41250000000002,0
2026-01-29 00:00:00+00:00,153.45850000000002,153.477,153.22750000000002,153.22750000000002,0
2026-01-30 00:00:00+00:00,153.925,154.145,153.774,153.9205,0
2026-02-02 00:00:00+00:00,155.314,155.7035,155.314,155.6685,0
2026-02-03 00:00:00+00:00,155.41750000000002,155.8055,155.3425,155.777,0
2026-02-04 00:00:00+00:00,156.4645,156.66750000000002,156.397,156.6485,0
2026-02-05 00:00:00+00:00,156.7835,156.9435,156.594,156.881,0
2026-02-06 00:00:00+00:00,156.89100000000002,156.9905,156.79649999999998,156.9895,0
2026-02-08 00:00:00+00:00,157.435,157.661,157.0895,157.251,0
2026-02-09 00:00:00+00:00,156.38299999999998,156.394,155.913,155.9315,0
2026-02-10 00:00:00+00:00,154.38150000000002,154.5445,154.3705,154.4995,0
2026-02-11 00:00:00+00:00,153.496,153.6625,152.9225,153.2175,0
2026-02-12 00:00:00+00:00,152.85399999999998,153.192,152.66899999999998,152.73700000000002,0
2026-02-13 00:00:00+00:00,153.2475,153.3385,152.921,153.067,0
2026-02-16 00:00:00+00:00,153.465,153.574,153.4035,153.4915,0
2026-02-18 00:00:00+00:00,153.44650000000001,153.7035,153.4455,153.51999999999998,0
2026-02-19 00:00:00+00:00,154.6885,155.05849999999998,154.57600000000002,154.983,0
2026-02-20 00:00:00+00:00,155.144,155.2255,155.073,155.2095,0
2026-02-23 00:00:00+00:00,154.79500000000002,154.947,154.356,154.639,0
2026-02-24 00:00:00+00:00,156.05700000000002,156.1745,155.92000000000002,155.971,0
2026-02-25 00:00:00+00:00,155.827,156.76,155.702,156.32150000000001,0
2026-02-26 00:00:00+00:00,156.0755,156.176,155.9425,156.16199999999998,0
2026-02-27 00:00:00+00:00,155.77499999999998,155.8375,155.5395,155.591,0
2026-03-02 00:00:00+00:00,157.5205,157.5685,157.4145,157.4925,0
2026-03-03 00:00:00+00:00,157.2495,157.97050000000002,157.2,157.7665,0
2026-03-04 00:00:00+00:00,157.57,157.6555,157.01600000000002,157.061,0
2026-03-05 00:00:00+00:00,157.2945,157.36599999999999,157.2425,157.35000000000002,0
2026-03-09 00:00:00+00:00,158.47,158.601,158.3515,158.57299999999998,0
2026-03-10 00:00:00+00:00,157.8905,158.0905,157.761,158.0485,0
2026-03-11 00:00:00+00:00,158.4995,158.971,158.325,158.9555,0
2026-03-12 00:00:00+00:00,158.719,159.43099999999998,158.5695,159.3725,0
2026-03-13 00:00:00+00:00,159.36,159.687,159.3485,159.5075,0
2026-03-16 00:00:00+00:00,159.56400000000002,159.5855,159.20299999999997,159.2255,0
2026-03-17 00:00:00+00:00,159.36599999999999,159.40699999999998,159.0595,159.108,0
2026-03-18 00:00:00+00:00,159.4245,159.901,159.37099999999998,159.86599999999999,0
2026-03-19 00:00:00+00:00,159.77949999999998,159.81599999999997,157.7995,157.81400000000002,0
2026-03-20 00:00:00+00:00,158.4875,159.32999999999998,158.45299999999997,159.228,0
2026-03-22 00:00:00+00:00,159.2765,159.4725,159.2375,159.2975,0
2026-03-24 00:00:00+00:00,158.575,158.95600000000002,158.4485,158.8065,0
2026-03-25 00:00:00+00:00,158.88549999999998,159.4845,158.88549999999998,159.398,0
2026-03-26 00:00:00+00:00,159.6355,159.659,159.47050000000002,159.526,0
2026-03-27 00:00:00+00:00,159.52949999999998,160.296,159.5045,160.1455,0
2026-03-30 00:00:00+00:00,159.7975,159.8105,159.6745,159.731,0
2026-03-31 00:00:00+00:00,159.88400000000001,159.973,159.66699999999997,159.75099999999998,0
2026-04-01 00:00:00+00:00,158.789,159.01299999999998,158.7365,158.7575,0
2026-04-02 00:00:00+00:00,159.344,159.6925,159.3375,159.574,0
2026-04-06 00:00:00+00:00,159.4325,159.714,159.4145,159.68,0
2026-04-07 00:00:00+00:00,159.872,159.8855,158.85199999999998,158.922,0
2026-04-08 00:00:00+00:00,158.4345,158.498,158.353,158.422,0
2026-04-09 00:00:00+00:00,159.19,159.298,158.86599999999999,158.8725,0
2026-04-10 00:00:00+00:00,159.09449999999998,159.3535,159.09449999999998,159.3195,0
2026-04-13 00:00:00+00:00,159.7055,159.7845,159.656,159.7355,0
2026-04-14 00:00:00+00:00,159.2105,159.265,159.027,159.0665,0
2026-04-15 00:00:00+00:00,158.9905,159.0285,158.79700000000003,158.81799999999998,0
2026-04-17 00:00:00+00:00,159.2095,159.361,157.7965,158.10199999999998,0
